evento,rango,id,fecha_guayaquil,fase,formato,interacciones_publicas,reacciones,comentarios,compartidos,temas,mensaje_resumen,permalink
finados-2021,1,105221087662733_425582048959967,2021-11-04,postevento,mobile_status_update,156,144,5,7,expositores-negocios|cultura-identidad|confianza-operacion|comunidad-prueba,"¡𝐆𝐫𝐚𝐜𝐢𝐚𝐬 𝐩𝐨𝐫 𝐡𝐚𝐜𝐞𝐫𝐥𝐨 𝐩𝐨𝐬𝐢𝐛𝐥𝐞! ✊🏻👏🏻 A todas las personas que nos visitaron durante estos cinco días de Finados 2021, muchas gracias, a nuestros expositores, gracias mil, por la confianza puesta en el equipo organizativo 🤝.  ¡𝐄́𝐱𝐢𝐭𝐨 𝐓𝐨𝐭𝐚𝐥! Sigamos trabajando juntos por el progreso y desarrollo de la p",https://www.facebook.com/1675458624581662/posts/425582048959967
finados-2021,2,105221087662733_422511315933707,2021-10-30,en-vivo,mobile_status_update,96,79,1,16,cultura-identidad,🎥🔴 [EN DIRECTO] Acto inaugural de Finados 2021 - La tradición nos une 🎉👏🏻  ¡Te esperamos! Visítanos.,https://www.facebook.com/1675458624581662/posts/422511315933707
finados-2021,3,105221087662733_416871529831019,2021-10-21,conversion,mobile_status_update,69,53,1,15,cultura-identidad|acceso-servicio|comunidad-prueba,"🎉 ¡𝐓𝐎𝐃𝐎 𝐋𝐈𝐒𝐓𝐎! 𝐅𝐢𝐧𝐚𝐝𝐨𝐬 𝟐𝟎𝟐𝟏, 𝐯𝐚 𝐩𝐨𝐫𝐪𝐮𝐞 𝐯𝐚 😏 Tomando todas las precauciones, extendemos la invitación cordial a todas las familias de la provincia y del Ecuador a visitarnos y disfrutar con responsabilidad, de #Finados2021, porque la tradición nos une☀️🤝.  #Tungurahua #Ambato #ComplejoDeportivoMushuc",https://www.facebook.com/1675458624581662/posts/416871529831019
finados-2021,4,105221087662733_423245212526984,2021-10-31,en-vivo,mobile_status_update,47,41,3,3,artistas-musica|experiencias-atractivos|expositores-negocios|cultura-identidad|precio-entradas|acceso-servicio|confianza-operacion|comunidad-prueba,"¡TE ESPERAMOS! Ven y se parte de la tradición 🎉👏🏻💃🏻🕺🏻. Estos días de feriado ven el Complejo Intercultural y Deportivo Mushuc Runa, brindaremos el mejor #show de #caballos de alta escuela 🐎, que podrás disfrutarlo con amigos y familia.   📍 𝐋𝐮𝐠𝐚𝐫: Santa Lucía de Tisaleo, km 12 vía Riobamba 📆 𝐅𝐞𝐜𝐡𝐚: 3",https://www.facebook.com/1675458624581662/posts/423245212526984
finados-2021,5,105221087662733_411313767053462,2021-10-13,conversion,mobile_status_update,36,31,1,4,expositores-negocios|cultura-identidad,🔴 #Atención | ¡𝐔́𝐥𝐭𝐢𝐦𝐨𝐬 𝐒𝐭𝐚𝐧𝐝𝐬 𝐃𝐢𝐬𝐩𝐨𝐧𝐢𝐛𝐥𝐞𝐬! No te quedes fuera de la #FeriaFinados2021 ‘La tradición nos une’ 🎉.  📲 Puedes comunicarte para separar tu stand al: 099 772 1589  #FeriaFinados2021 #LaTradiciónNosUne #Tungurahua #Ambato #FinadosSinFeriaNoEsFinados #Sponsor,https://www.facebook.com/1675458624581662/posts/411313767053462
finados-2021,6,105221087662733_412753516909487,2021-10-15,conversion,mobile_status_update,28,25,0,3,expositores-negocios|cultura-identidad,"🎉 #YaSoyParteDeLaTradición | Bienvenida querida comerciante a la Feria Finados 2021. ‘La tradición nos une’ 🙌🏻.   ¡𝐒𝐭𝐚𝐧𝐝 𝐥𝐢𝐬𝐭𝐨 𝐩𝐚𝐫𝐚 𝐥𝐚 𝐅𝐞𝐫𝐢𝐚 𝐅𝐢𝐧𝐚𝐝𝐨𝐬 𝟐𝟎𝟐𝟏!   📍Visítanos del 30 de Octubre al 3 de Noviembre, en el Complejo Intercultural y Deportivo Mushuc Runa. 🚗 Santa Lucía de Tisaleo Km. 12 vía a Rio",https://www.facebook.com/1675458624581662/posts/412753516909487
finados-2021,7,105221087662733_410383707146468,2021-10-11,conversion,mobile_status_update,25,20,0,5,acceso-servicio,¡𝐓𝐨𝐝𝐨𝐬 𝐚 𝐝𝐢𝐬𝐟𝐫𝐮𝐭𝐚𝐫 𝐝𝐞 𝐥𝐚 𝐅𝐞𝐫𝐢𝐚 𝐅𝐢𝐧𝐚𝐝𝐨𝐬 𝟐𝟎𝟐𝟏! 🥳,https://www.facebook.com/1675458624581662/posts/410383707146468
finados-2021,8,105221087662733_412754033576102,2021-10-15,conversion,mobile_status_update,11,10,0,1,expositores-negocios|cultura-identidad,"¡𝐒𝐭𝐚𝐧𝐝 𝐥𝐢𝐬𝐭𝐨 𝐩𝐚𝐫𝐚 𝐥𝐚 𝐅𝐞𝐫𝐢𝐚 𝐅𝐢𝐧𝐚𝐝𝐨𝐬 𝟐𝟎𝟐𝟏!  🎉 #YaSoyParteDeLaTradición | Bienvenido Esteban Hidalgo, emprendedor ambateño en la venta de plantas carnívoras y artículos de navidad.   ¡Porque finados sin feria, no es finados!   #FeriaFinados2021 #LaTradiciónNosUne #Finados #Feria #Ambato #Tungurahua",https://www.facebook.com/1675458624581662/posts/412754033576102
finados-2021,9,105221087662733_422446329273539,2021-10-30,en-vivo,mobile_status_update,8,7,1,0,artistas-musica|expositores-negocios|cultura-identidad|precio-entradas|acceso-servicio|confianza-operacion,"▶️🕺🏻💃🏻 ¡Es hoy, es hoy! En este feriado, te invitamos a disfrutar de todo lo que hemos preparado para ti, en 𝐅𝐢𝐧𝐚𝐝𝐨𝐬 𝟐𝟎𝟐𝟏 - 𝐋𝐚 𝐭𝐫𝐚𝐝𝐢𝐜𝐢𝐨́𝐧 𝐧𝐨𝐬 𝐮𝐧𝐞, ven a visitarnos en el Complejo Intercultural y Deportivo Mushuc Runa.  📍 𝐋𝐮𝐠𝐚𝐫: Santa Lucía de Tisaleo, km 12 vía Riobamba 📆 𝐅𝐞𝐜𝐡𝐚: 30 de octubre al 3 d",https://www.facebook.com/1675458624581662/posts/422446329273539
finados-2021,10,105221087662733_412753206909518,2021-10-15,conversion,mobile_status_update,5,5,0,0,expositores-negocios|cultura-identidad,"🎉 #YaSoyParteDeLaTradición | Bienvenida querida comerciante a la Feria Finados 2021. ‘La tradición nos une’ 🙌🏻.   ¡𝐒𝐭𝐚𝐧𝐝 𝐥𝐢𝐬𝐭𝐨 𝐩𝐚𝐫𝐚 𝐥𝐚 𝐅𝐞𝐫𝐢𝐚 𝐅𝐢𝐧𝐚𝐝𝐨𝐬 𝟐𝟎𝟐𝟏!   📍Visítanos del 30 de Octubre al 3 de Noviembre, en el Complejo Intercultural y Deportivo Mushuc Runa. 🚗 Santa Lucía de Tisaleo Km. 12 vía a Rio",https://www.facebook.com/1675458624581662/posts/412753206909518
finados-2021,11,105221087662733_412889953562510,2021-10-15,conversion,mobile_status_update,4,3,0,1,expositores-negocios|cultura-identidad,🔴 #Atención | ¡𝐔́𝐥𝐭𝐢𝐦𝐨𝐬 𝐒𝐭𝐚𝐧𝐝𝐬 𝐃𝐢𝐬𝐩𝐨𝐧𝐢𝐛𝐥𝐞𝐬! No te quedes fuera de la #FeriaFinados2021 ‘La tradición nos une’ 🎉  📲 Puedes comunicarte para separar tu stand al: https://finados.mushucruna.com/  #LaTradiciónNosUne #Tungurahua #Ambato #FinadosSinFeriaNoEsFinados #Sponsor,https://www.facebook.com/1675458624581662/posts/412889953562510
finados-2021,12,105221087662733_412753340242838,2021-10-15,conversion,mobile_status_update,1,1,0,0,expositores-negocios|cultura-identidad,"🎉 #YaSoyParteDeLaTradición | Bienvenida querida comerciante a la Feria Finados 2021. ‘La tradición nos une’ 🙌🏻.   ¡𝐒𝐭𝐚𝐧𝐝 𝐥𝐢𝐬𝐭𝐨 𝐩𝐚𝐫𝐚 𝐥𝐚 𝐅𝐞𝐫𝐢𝐚 𝐅𝐢𝐧𝐚𝐝𝐨𝐬 𝟐𝟎𝟐𝟏!   📍Visítanos del 30 de Octubre al 3 de Noviembre, en el Complejo Intercultural y Deportivo Mushuc Runa. 🚗 Santa Lucía de Tisaleo Km. 12 vía a Rio",https://www.facebook.com/1675458624581662/posts/412753340242838
finados-2021,13,105221087662733_416803303171175,2021-10-21,conversion,mobile_status_update,0,0,0,0,cultura-identidad|acceso-servicio|comunidad-prueba,"🎉 ¡𝐓𝐎𝐃𝐎 𝐋𝐈𝐒𝐓𝐎! 𝐅𝐢𝐧𝐚𝐝𝐨𝐬 𝟐𝟎𝟐𝟏, 𝐯𝐚 𝐩𝐨𝐫𝐪𝐮𝐞 𝐯𝐚 😏 Tomando todas las precauciones, extendemos la invitación cordial a todas las familias de la provincia y del Ecuador a visitarnos y disfrutar con responsabilidad, de #Finados2021, porque la tradición nos une☀️🤝.  #Tungurahua #Ambato #ComplejoDeportivoMushuc",https://www.facebook.com/1675458624581662/posts/416803303171175
finados-2021,14,105221087662733_412753796909459,2021-10-15,conversion,mobile_status_update,0,0,0,0,cultura-identidad|confianza-operacion,"¡𝐁𝐢𝐞𝐧𝐯𝐞𝐧𝐢𝐝𝐨! 👏🏻 Nos alegra anunciar que, FRUCTI Soda, es #SponsorOficial de la Feria Finados 2021 'La tradición nos une'.   ➡️ Si tú deseas ser parte. Escríbenos por interno para más información.   #FeriaFinados2021 #LaTradiciónNosUne #Tungurahua #Ambato #Expoferia #FinadosSinFeriaNoEsFinados #Spons",https://www.facebook.com/1675458624581662/posts/412753796909459
carnaval-2022,1,105221087662733_495655718619266,2022-02-27,en-vivo,added_video,31064,21515,115,9434,artistas-musica|cultura-identidad|acceso-servicio,"🟡 Esta noche seguro disfrutaremos de este exitazo. 🎶 ¿La has cantado?   Hoy, en el Mega Escenario Intercultural, Paola Jara brindará un show de primera. Solo aquí, en #LaFeriaMasGrandeDelEcuador 👏🏻",https://www.facebook.com/1675458624581662/videos/668341747850167
carnaval-2022,2,105221087662733_513613440156827,2022-03-27,postevento,added_video,9741,7777,151,1813,comunidad-prueba,"Sin duda, somos #LaFeriaMasGrandeDelEcuador 🇪🇨. Recordamos a través de este reportaje, lo que se vivió en nuestra segunda Expo feria nacional Mushuc Runa. Gracias por la nota a nuestros amigos de #Ecuavisa.   Se vienen más noticias sobre nosotros  #ExpoFeriaMushucRuna 🫶🏻",https://www.facebook.com/1675458624581662/videos/286000600343134
carnaval-2022,3,105221087662733_494996275351877,2022-02-26,en-vivo,added_video,6882,6275,156,451,artistas-musica|cultura-identidad,"🟡 Un reconocimiento a la banda ecuatoriana bajo sueños, por su gran participación y entrega en el Mega Escenario Intercultural de la Segunda Expo Feria Nacional Mushuc Runa 2022.  Noche inolvidable de Rock 🎸🎶🤟🏻👨🏻‍🎤  #LaFeriaMasGrandeDelEcuador",https://www.facebook.com/1675458624581662/videos/4764573537004073
carnaval-2022,4,105221087662733_495847508600087,2022-02-27,en-vivo,added_video,4481,4049,320,112,sin-tema-detectado,#KikeJav en la #LaFeriaMasGrandeDelEcuador 🔥,https://www.facebook.com/1675458624581662/videos/674466337333407
carnaval-2022,5,105221087662733_492418268943011,2022-02-22,urgencia,added_video,4401,3508,37,856,sin-tema-detectado,"🎶¡Salud, Salud, Salud por él, por los suspiros que me arranca todavía! 🎶  Ay ay ay 🔥se viene @paolajarapj con tooodo ¡No te lo pierdas!   Este domingo, 27 de febrero, 20H00   #LaFeriaMasGrandeDelEcuador #ExpoFeriaMushucRuna",https://www.facebook.com/1675458624581662/videos/486772489517293
carnaval-2022,6,105221087662733_497078558476982,2022-03-01,en-vivo,added_video,2297,2151,18,128,artistas-musica,"🎶 ¡La Expo Feria Mushuc Runa en la noche, es un fiestón! 🎶  La canción que no podía faltar en su presentación en el mega escenario. 🤩   ¡Dale ❤️bailaste con esta canción!   #LaExpoMasGrandeDelEcuador",https://www.facebook.com/1675458624581662/videos/384981653462119
carnaval-2022,7,105221087662733_494878455363659,2022-02-26,en-vivo,added_video,1564,1338,26,200,artistas-musica|acceso-servicio,¡Fue un cierre perfecto! 👨🏻‍🎤🎸🤟🏻🎶 ¡hurra!   bajo sueños cerró la primera noche de shows con una presentación increíble. ¿La disfrutaste?   ¡Coméntanos!   #LaFeriaMasGrandeDelEcuador,https://www.facebook.com/1675458624581662/videos/989055062006770
carnaval-2022,8,105221087662733_486634642854707,2022-02-13,conversion,added_photos,1488,1178,47,263,artistas-musica|cultura-identidad,🎶🎙 Conoce a los artistas que estarán junto a nosotros en la Segunda Expo Feria Nacional Mushuc Runa. 🎡   #LaExpoMásAlajaDelEcuador  #SomosCulturaYTradición,https://www.facebook.com/1675458624581662/posts/486634642854707
carnaval-2022,9,105221087662733_495530075298497,2022-02-27,en-vivo,added_video,1487,1252,45,190,cultura-identidad,"✨Somos cultura y tradición✨ Definitivamente una velada espectacular. 🤩 Así dio inicio el Mega Ensamble, rescatamos este verdadero patrimonio cultural de la provincia y de la patria 🇪🇨   #LaFeriaMasGrandeDelEcuador",https://www.facebook.com/1675458624581662/videos/953460321965264
carnaval-2022,10,105221087662733_495816498603188,2022-02-27,en-vivo,added_video,989,917,8,64,comunidad-prueba,"“Pa’ estar peleando contigo, mejor sigo mi vida, he llamado a mis amigos pa’ hacerte una despedida” 🎶🎶🎶  Nuestros visitantes la gozaron 🔝 #LaFeriaMasGrandeDelEcuador",https://www.facebook.com/1675458624581662/videos/1307875559686621
carnaval-2022,11,105221087662733_487978442720327,2022-02-15,conversion,added_photos,971,756,30,185,artistas-musica|cultura-identidad|precio-entradas,"📣  Arma agenda y no te pierdas de los shows que hemos preparado para ti. Bajo Sueños y otros artistas más, son parte de la Segunda Expo Feria Nacional Mushuc Runa.   🗓 Viernes 25 de febrero a partir de las 19H00.  📍 Mega Escenario, Complejo Intercultural Mushuc Runa    🎟 Valor de la entrada: $3.00. ",https://www.facebook.com/1675458624581662/posts/487978442720327
carnaval-2022,12,105221087662733_495781891939982,2022-02-27,en-vivo,added_video,924,882,10,32,artistas-musica|comunidad-prueba,🟠 Ni la lluvia detuvo a nuestros visitantes que disfruten del show del compadre #Tulio en #LaFeriaMasGrandeDelEcuador #ExpoFeriaMushucRuna,https://www.facebook.com/1675458624581662/videos/452454963250146
carnaval-2022,13,105221087662733_470142567837248,2022-01-16,consideracion,added_photos,847,298,535,14,artistas-musica|confianza-operacion,"Estamos trabajando en la feria más grande del Ecuador, y queremos conocer ¿Qué banda o artista 🇪🇨, te gustaría ver en nuestro #MegaEscenario?   Pronto anunciaremos fechas oficiales.   Te leemos. 👀👇 #ExpoFeriaMushucRuna #SegundaExpoFeriaMR",https://www.facebook.com/1675458624581662/posts/470142567837248
carnaval-2022,14,105221087662733_488158156035689,2022-02-15,conversion,added_photos,786,537,47,202,experiencias-atractivos|cultura-identidad|acceso-servicio,"Este anuncio es para quienes disfrutan de la adrenalina. 🤪 Pilas, que por un solo pago, todos los juegos son sin límite. 😎  ¡Discovery! el parque de las grandes atracciones, estará en la Segunda Expo Feria Nacional Mushuc Runa. 🎡  #LaExpoMásAlajaDelEcuador Del 25 de febrero al 06 de marzo. ¡No te lo",https://www.facebook.com/1675458624581662/posts/488158156035689
carnaval-2022,15,105221087662733_496348011883370,2022-02-28,en-vivo,added_photos,763,725,13,25,artistas-musica,"🟤 Entrega de reconocimiento por parte del Ab. Luis Alfonso Chango a la artista internacional Paola Jara, por brindar un show espectacular en la Segunda Expo Feria Nacional Mushuc Runa. 👏🏻  #LaFeriaMasGrandeDelEcuador",https://www.facebook.com/1675458624581662/posts/496348011883370
carnaval-2022,16,105221087662733_494479425403562,2022-02-25,en-vivo,added_video,660,607,17,36,artistas-musica|cultura-identidad,"Chica/o Rocker, esta publicación es para ti. 🤟🏻👨🏻‍🎤 Compartimos un ‘cachito’ de lo que será #BajoSueños en el Mega Escenario. ¡No te lo pierdas!  🎙Prueba de sonido: Bajo Sueños 🎶  #LaFeriaMasGrandeDelEcuador #ExpoFeriaMushucRuna #SomosCulturaYTradición",https://www.facebook.com/1675458624581662/videos/437337794801016
carnaval-2022,17,105221087662733_494449065406598,2022-02-25,en-vivo,added_photos,562,383,5,174,artistas-musica,"🟤 #PROGRAMACIÓN | Inició nuestra Expo Feria ¡Te esperamos! 😎 y esta noche, nuestros shows artísticos 🎶  Revisa nuestra agenda ⤵️ y ven a #LaFeriaMasGrandeDelEcuador",https://www.facebook.com/1675458624581662/posts/494449065406598
carnaval-2022,18,105221087662733_495920025259502,2022-02-27,en-vivo,added_video,560,521,3,36,artistas-musica,"Así el ambiente en el mega escenario previo a la presentación de #PaolaJara 🔥 Esta noche es de corridos y vallenatos, y andamos ¡Aayyy!  🥃🎶  #LaFeriaMasGrandeDelEcuador",https://www.facebook.com/1675458624581662/videos/328966852512192
carnaval-2022,19,105221087662733_485051189679719,2022-02-10,conversion,added_video,551,326,31,194,cultura-identidad,"🎙🎶💃🏻👏🏻 𝐒𝐞𝐠𝐮𝐧𝐝𝐚 𝐄𝐱𝐩𝐨 𝐅𝐞𝐫𝐢𝐚 𝐍𝐚𝐜𝐢𝐨𝐧𝐚𝐥 𝐌𝐮𝐬𝐡𝐮𝐜 𝐑𝐮𝐧𝐚 𝟐𝟎𝟐𝟐.   Del 25 de febrero al 1 de marzo, sé parte de la feria más grande del Ecuador. 🇪🇨   ¡No te lo pierdas!   Conoce más aquí: https://expoferiamushucruna.com/  #SomosCulturaYTradición #ExpoFeriaNacionalMushucRuna  #LaExpoMásAlajaDelEcuador",https://www.facebook.com/1675458624581662/videos/524588395554455
carnaval-2022,20,105221087662733_491795615671943,2022-02-21,urgencia,added_photos,546,465,6,75,artistas-musica|experiencias-atractivos|cultura-identidad|precio-entradas|acceso-servicio,"Domingo, 27 de febrero ¡Con tooodooo! Disfruta de la mejor fiesta de espuma en la Segunda Expo Feria Nacional Mushuc Runa. ¡No te lo pierdas!  📍Mega Escenario, Complejo Intercultural Mushuc Runa  🎟 Valor de las entrada: $3,00   #LaFeriaMasGrandeDelEcuador #ExpoFeriaMushucRuna #SomosCulturaYTradicion",https://www.facebook.com/1675458624581662/posts/491795615671943
finados-2022,1,105221087662733_1295653634599431,2022-10-25,conversion,added_video,1784,1320,58,406,cultura-identidad|acceso-servicio|comunidad-prueba,"🛑🚙✅ ¡listo! 𝟲 𝗠𝗜𝗟 𝗣𝗔𝗥𝗤𝗨𝗘𝗔𝗗𝗘𝗥𝗢𝗦  Ven y disfruta en familia del 2️⃣ al 6️⃣ de noviembre, en la Feria #Finados 2022 - la tradición nos une. ✨🫱🏻‍🫲🏼🎊  ¡nos vemos pronto en la #FeriaMushucRuna #LaTradiciónNosUne!",https://www.facebook.com/1707882884677339/videos/493019639421531
finados-2022,2,105221087662733_655892635928906,2022-10-25,conversion,mobile_status_update,310,220,8,82,cultura-identidad|acceso-servicio|confianza-operacion|comunidad-prueba,"Feria #Finados2022, del 2️⃣ al 6️⃣ de noviembre 🎊🫱🏻‍🫲🏼🎶🪗 ¡no te lo pierdas! una variada programación para disfrutar en familia. 😉  ▫️¿Cómo llegar? https://bit.ly/3SmGNXw ▫️Jorge Celedón: https://bit.ly/jorgeceledonweb ▫️Feria Taurina: https://bit.ly/taurinofinadosweb  🟠 Más información: www.complejo",https://www.facebook.com/1675458624581662/posts/655892635928906
finados-2022,3,105221087662733_1256433828521412,2022-09-03,consideracion,added_video,235,150,9,76,artistas-musica|expositores-negocios|cultura-identidad|comunidad-prueba,"Nos llena de orgullo ser parte de la reactivación económica de nuestra provincia y país. 🥹✨ Hace un año fuimos el escenario ideal para que varios comerciantes y empresarios, luego de una pandemia, vuelvan a generar comercio y producción. 🤝🏻  Hoy, sentimos una emoción indescriptible, 🤩 nos place sabe",https://www.facebook.com/1707882884677339/videos/1115521495754014
finados-2022,4,105221087662733_675949973923172,2022-11-23,postevento,mobile_status_update,28,25,1,2,cultura-identidad|acceso-servicio|comunidad-prueba,Reacciones de quienes disfrutaron y fueron parte de la #FeriaFinadosMushucRuna2022 ✊🏻. Se vienen cosas increíbles. #LaTradiciónNosUne  ✨ ¡Gracias! ✨,https://www.facebook.com/1675458624581662/posts/675949973923172
finados-2022,5,105221087662733_675949630589873,2022-11-23,postevento,mobile_status_update,12,12,0,0,cultura-identidad|acceso-servicio|comunidad-prueba,Reacciones de quienes disfrutaron y fueron parte de la #FeriaFinadosMushucRuna2022 ✊🏻. Se vienen cosas increíbles. #LaTradiciónNosUne  ✨ ¡Gracias! ✨,https://www.facebook.com/1675458624581662/posts/675949630589873
finados-2022,6,105221087662733_632113484973488,2022-09-24,consideracion,mobile_status_update,7,4,1,2,cultura-identidad|confianza-operacion,"¿Te gusta cantar? 🗣️🎶🎙️ ¡Esta es tu oportunidad!   Sé parte del Festival de Canto Mushuc Runa 🤩👏🏻.  Nuestro amigo, Pedro Lobatto te invita a inscribirte. ▶️    1.- Revisa la información completa aquí: https://complejomushucruna.ec/festivaldecanto/  1.- Envíanos tu video: https://wa.me/message/QIOQDY",https://www.facebook.com/1675458624581662/posts/632113484973488
carnaval-2023,1,105221087662733_708119584039544,2023-01-05,consideracion,added_video,13057,10000,305,2752,expositores-negocios|cultura-identidad,"¿Cómo inicia la Expoferia Nacional Mushuc Runa?   Te contamos en el siguiente video parte de nuestra historia, hoy somos la expoferia más grande del Ecuador, que se desarrolla en el mayor centro de negocios del país, en el Complejo Intercultural y Deportivo Mushuc Runa.   ¡Vive la fiesta, en la #exp",https://www.facebook.com/1675458624581662/videos/2530863277054307
carnaval-2023,2,105221087662733_709219367262899,2023-01-07,consideracion,added_video,9343,7579,216,1548,acceso-servicio,"Este viernes 17 de febrero, en la #ExpoferiaMushucRuna disfrutaremos y cantaremos junto a José Andrea.  #ExpoferiaMasGrandeDelEcuador #ecuador   Revisa nuestra cartelera del día, aquí: https://expoferiamushucruna.com  ¡vive la fiesta! en la #ExpoferiaMasGrandeDelEcuador 🎠",https://www.facebook.com/1675458624581662/videos/548871497151858
carnaval-2023,3,105221087662733_710033277181508,2023-01-09,consideracion,added_video,6451,5392,69,990,acceso-servicio,"Este viernes 17 de febrero, en la #ExpoferiaMushucRuna disfrutaremos y cantaremos junto a Bajo Sueños.  #ExpoferiaMasGrandeDelEcuador #ecuador   Revisa nuestra cartelera del día, aquí: https://expoferiamushucruna.com  ¡vive la fiesta! en la #ExpoferiaMasGrandeDelEcuador 🎠",https://www.facebook.com/1675458624581662/videos/630332372201016
carnaval-2023,4,105221087662733_738126497705519,2023-02-21,en-vivo,added_photos,4967,4548,102,317,artistas-musica|acceso-servicio,"El público presente con casa llena, disfrutando del 4to día de Show en la Expoferia mas grande del Ecuador. 👏👏 . . . . #expoferiamushucruna #expoferia #carnaval2023 #carnavalesmushucruna #vivelafiesta #vivelafiestamushucruna #ExpoferiaNacionalMushucRuna",https://www.facebook.com/1675458624581662/posts/738126497705519
carnaval-2023,5,105221087662733_738563440995158,2023-02-21,en-vivo,added_photos,4126,3986,83,57,sin-tema-detectado,!Chacana de oro para Corazón Serrano! 🥳😎👏🏻  #ExpoferiaNacionalMushucRuna #ExpoferiaMasGrandeDelEcuador #expoferiamushucruna #expoferia #carnaval2023 #carnavalesmushucruna #vivelafiesta #vivelafiestamushucruna #ExpoferiaNacionalMushucRuna,https://www.facebook.com/1675458624581662/posts/738563440995158
carnaval-2023,6,105221087662733_722799925904843,2023-01-28,conversion,added_photos,2866,2771,17,78,artistas-musica,¡Reacciona a tu concierto favorito!  👍🏻❤️☺️😆😮  ¿Desde dónde nos visitarás? Te leemos 👀   #ExpoFeriaNacionalMushucRuna,https://www.facebook.com/1675458624581662/posts/722799925904843
carnaval-2023,7,105221087662733_718641942987308,2023-01-22,conversion,added_video,2409,1958,62,389,precio-entradas,"¡vive la fiesta junto a Nacho este domingo 1️⃣9️⃣ de febrero, en la #ExpoferiaNacionalMushucRuna! 🎙️🎶😎🎊  🔜 Adquiere tus entradas ingresando a: www.expoferiamushucruna.com   . . . . . . . . #expoferiamushucruna #ExpoferiaMasGrandeDelEcuador  #expoferia #carnaval2023 #carnavalesmushucruna #vivelafiest",https://www.facebook.com/1675458624581662/videos/1894383040912812
carnaval-2023,8,105221087662733_736172407900928,2023-02-18,en-vivo,added_photos,2064,1865,53,146,artistas-musica,"Así se vivió la noche del Rock en la 3era EXPOFERIA MUSHUC RUNA, 👏👏 donde los artista se llevaron todo el cariño del público.",https://www.facebook.com/1675458624581662/posts/736172407900928
carnaval-2023,9,105221087662733_738353827682786,2023-02-21,en-vivo,added_video,1817,1597,16,204,artistas-musica,"¡un concierto para recordarlo! 😍  @CorazonSerrano hizo una gran presentación, hizo vibrar los corazones de nuestros asistentes. Casa llena señores. 🎉🥳 seguimos haciendo historia.   Hoy nuestra último día de feria. ¡Los esperamos! . . . #expoferiamushucruna #expoferia #carnaval2023 #carnavalesmushucr",https://www.facebook.com/1675458624581662/videos/569392088458140
carnaval-2023,10,105221087662733_709985163852986,2023-01-08,consideracion,added_video,1793,1400,38,355,acceso-servicio,"Este lunes 20 de febrero, en la #ExpoferiaMushucRuna disfrutaremos y cantaremos junto a Corazón Serrano.  #ExpoferiaMasGrandeDelEcuador #ecuador   Revisa nuestra cartelera del día, aquí: https://expoferiamushucruna.com  ¡vive la fiesta! en la #ExpoferiaMasGrandeDelEcuador 🎠",https://www.facebook.com/1675458624581662/videos/931058528262516
carnaval-2023,11,105221087662733_718738836310952,2023-01-22,conversion,added_video,1551,1188,48,315,artistas-musica|precio-entradas|acceso-servicio,"¡A puro ritmo de cumbia! 🎶💃🏽 Así disfrutaremos del feriado de carnaval junto a Corazón Serrano el lunes 20 de febrero, en la #ExpoFeriaNacionalMushucRuna   🔜 Adquiere tus entradas ingresando a: www.expoferiamushucruna.com   . . . . . . . . #expoferiamushucruna #ExpoferiaMasGrandeDelEcuador  #expofer",https://www.facebook.com/1675458624581662/videos/894396311689856
carnaval-2023,12,105221087662733_738385977679571,2023-02-21,en-vivo,added_photos,1244,1082,40,122,artistas-musica|cultura-identidad|confianza-operacion|comunidad-prueba,"¡Éxito Total! 🎉🫰🏻 ¡Gracias! Revelamos nuestro secreto: eres tú y todo el entusiasmo que le has dejado a nuestra expo por visitarnos durante estos cinco días llenitos de diversión, música, exposición, belleza y tradición. ¡Gracias Ecuador! 🇪🇨 Por ser parte de la mejor feria del país.  🎉🫰🏻   Por usted",https://www.facebook.com/1675458624581662/posts/738385977679571
carnaval-2023,13,105221087662733_712060726978763,2023-01-12,consideracion,added_video,1111,929,40,142,acceso-servicio,"Este domingo 19  de febrero, en la #ExpoferiaMushucRuna disfrutaremos y cantaremos junto a Dayanara. #ExpoferiaMasGrandeDelEcuador #ecuador  Revisa nuestra cartelera del día, aquí: https://expoferiamushucruna.com ¡vive la fiesta! en la #ExpoferiaMasGrandeDelEcuador 🎠",https://www.facebook.com/1675458624581662/videos/852019842550565
carnaval-2023,14,105221087662733_739767824208053,2023-02-23,postevento,added_photos,1077,1012,51,14,expositores-negocios|comunidad-prueba,"¡Continuamos! 💪🏻 Luego de 5 días de trabajo, exposición y entretenimiento a cientos de familias que nos visitaron desde diferentes puntos del país, en la tercera #ExpoferiaNacionalMushucRuna, continuamos desde acá, poniendo en orden nuestra casa y desde ya, conversando sobre nuestra siguiente feria.",https://www.facebook.com/1675458624581662/posts/739767824208053
carnaval-2023,15,105221087662733_735339081317594,2023-02-16,urgencia,added_photos,1031,944,20,67,acceso-servicio|confianza-operacion,"✅ ¡seguridad, listo!   Todo en orden para recibirlos mañana. 😊🥳🎉Nuestros guardias comunitarios y guardias de seguridad privada reciben indicaciones para sus labores durante los cinco días de feria.  Los esperamos con los brazos abiertos. 😏🫰🏻",https://www.facebook.com/1675458624581662/posts/735339081317594
carnaval-2023,16,105221087662733_735366861314816,2023-02-16,urgencia,added_photos,963,890,20,53,artistas-musica,📸😏 ¡Fotazas!   Las mejores postales que nos dejó la rueda de prensa junto a José Andrea y la Banda XXX.   Nos vemos mañana en la tercera Expoferia Nacional Mushuc Runa. 👩🏻‍🎤👨🏻‍🎤🤘🏻🎡🎉,https://www.facebook.com/1675458624581662/posts/735366861314816
carnaval-2023,17,105221087662733_717957366389099,2023-01-21,conversion,added_video,926,434,163,329,precio-entradas,¿Listos para la expoferia más grande del Ecuador? 🎶 ¡cinco días de pura diversión! te esperamos del 17 al 21 de febrero. 😏 Adquiere tus entradas en: www.expoferiamushucruna.com  . . . . . . . . . #expoferiamushucruna #expoferia #carnaval2023 #carnavalesmushucruna #vivelafiesta #vivelafiestamushucrun,https://www.facebook.com/1675458624581662/videos/630617599070713
carnaval-2023,18,105221087662733_739210997597069,2023-02-22,postevento,added_photos,903,857,15,31,artistas-musica|expositores-negocios|acceso-servicio|comunidad-prueba|patrocinio-alianzas,"Luego de 5 días de disfrutar al máximo de la Expoferia más grande del Ecuador, cerramos con broche de oro junto a grandes bandas nacionales. Seguimos trabajando por ustedes, los esperamos en noviembre.   ¡Gracias a todos quienes nos visitaron, los expositores y a nuestros auspiciantes! 🤝👏 . . . . #e",https://www.facebook.com/1675458624581662/posts/739210997597069
carnaval-2023,19,105221087662733_717521276432708,2023-01-20,conversion,added_photos,871,655,31,185,artistas-musica|precio-entradas,¡Vive la fiesta con los mejores shows en la tercera #ExpoferiaNacionalMushucRuna! 🥳🕺🏻💃🏻🎶  Lunes 2️⃣0️⃣ Corazón Serrano María de los Ángeles Troy & Los Reyes #NickLaRumba  Adquiere tus entradas ingresando a: www.expoferiamushucruna.com . . . . . . . . #expoferiamushucruna #expoferia #carnaval2023 #ca,https://www.facebook.com/1675458624581662/posts/717521276432708
carnaval-2023,20,105221087662733_717382289779940,2023-01-20,conversion,added_photos,824,630,49,145,artistas-musica|precio-entradas,¡Vive la fiesta con los mejores shows en la tercera #ExpoferiaNacionalMushucRuna! 🥳💃🏻🕺🏻👏🏻🎶  Viernes 1️⃣7️⃣ Jose andrea bajo sueños Retro Band Van Mozart  🎟️ Adquiere tus entradas ingresando a: www.expoferiamushucruna.com  . . . . . . . . . #ExpoferiaMasGrandeDelEcuador #FFF2023 #conciertos2023 #Jose,https://www.facebook.com/1675458624581662/posts/717382289779940
carnaval-2024,1,105221087662733_864698682324331,2023-12-11,consideracion,added_video,9340,6664,360,2316,artistas-musica,¡Vuelve la feria más grande del Ecuador! 🎉 Estamos emocionados de anunciar que en nuestro mega escenario se presentará la legendaria banda Rata Blanca que encenderá el escenario con su poderoso rock inigualable. 🤘🎸   #expoferianacionalmushucruna #expoferiamasgrandedelecuador #expoferiamushucruna,https://www.facebook.com/1675458624581662/videos/869713858179795
carnaval-2024,2,105221087662733_874156948045171,2023-12-25,consideracion,added_video,7989,5970,166,1853,acceso-servicio,¡Lista nuestra cartelera internacional para disfrutar de los #CarnavalesMushucRuna 🥳💦🎉  Del 9 - 13 de febrero en la #ExpoferiaMásGrandeDelEcuador!  ¡No te lo puedes perder! ✅🎶  #ExpoMushucRuna #ExpoferiaMásGrandeDelEcuador #ÚneteALaFiesta,https://www.facebook.com/1675458624581662/videos/892839185893431
carnaval-2024,3,105221087662733_869465298514336,2023-12-18,consideracion,added_video,7762,6366,131,1265,sin-tema-detectado,¡CONFIRMADO!  Galy Galiano en la cuarta #ExpoferiaMásGrandeDelEcuador. Todos tenemos una cita con él Sábado 10 de febrero.  #GaliGaliano #expoferiamasgrandedelecuador #expoferianacionalmushucruna #expoferiamushucruna #carnavalesmushucruna,https://www.facebook.com/1675458624581662/videos/589418473328666
carnaval-2024,4,105221087662733_867499865377546,2023-12-15,consideracion,added_video,4949,3544,163,1242,artistas-musica,¡Por primera vez en Ecuador!  🎺🎷𝑬𝑳 𝑽𝑬𝑹𝑺𝑼𝑺 𝑫𝑬 𝑳𝑨 𝑪𝑼𝑴𝑩𝑰𝑨🎹🎤 #ExpoferiaNacionalMushucRuna #ExpoFeriaMushucRuna #ComplejoMushucRuna @destacar #seguidoresfacebook,https://www.facebook.com/1675458624581662/videos/3551179865146400
carnaval-2024,5,105221087662733_901216172005915,2024-02-03,urgencia,added_video,4205,3444,96,665,artistas-musica|cultura-identidad|precio-entradas|acceso-servicio|confianza-operacion,"¡𝐔́𝐧𝐞𝐭𝐞 𝐚 𝐥𝐚 𝐟𝐢𝐞𝐬𝐭𝐚 𝐞𝐧 𝐥𝐨𝐬 #𝐂𝐚𝐫𝐧𝐚𝐯𝐚𝐥𝐞𝐬𝐌𝐮𝐬𝐡𝐮𝐜𝐑𝐮𝐧𝐚 𝟐𝟎𝟐𝟒! 💦🎉   📅 Del 9 al 13 de febrero 2024. Te invitamos a disfrutar de la 4ta #ExpoferiaNacionalMushucRuna, donde la tradición y la diversión se fusionan. 🌈✨ ¡Aseguramos tu seguridad!   🎟️ Adquiere tus entradas para los shows: https://www.passline.com/",https://www.facebook.com/1675458624581662/videos/352369464281308
carnaval-2024,6,105221087662733_890653573062175,2024-01-19,conversion,added_video,3872,3463,61,348,acceso-servicio,Pronto estarán en la #ExpoferiaMásGrandeDelEcuador ¡No te lo puedes perder! Disfruta del feriado de carnaval en un ambiente seguro. 🎉🥳,https://www.facebook.com/1675458624581662/videos/640218628151927
carnaval-2024,7,105221087662733_900533682074164,2024-02-02,urgencia,added_video,3852,2782,312,758,acceso-servicio|confianza-operacion,¡¡𝐄𝐒 𝐎𝐅𝐈𝐂𝐈𝐀𝐋!! 🥳🔥 Se viene la 𝟒𝐭𝐚 𝐄𝐱𝐩𝐨𝐟𝐞𝐫𝐢𝐚 𝐍𝐚𝐜𝐢𝐨𝐧𝐚𝐥 𝐌𝐮𝐬𝐡𝐮𝐜 𝐑𝐮𝐧𝐚 - del 𝟗 𝐚𝐥 𝟏𝟑 𝐝𝐞 𝐟𝐞𝐛𝐫𝐞𝐫𝐨. ¡𝐔́𝐧𝐞𝐭𝐞 𝐚 𝐥𝐚 𝐅𝐢𝐞𝐬𝐭𝐚 y disfruta de los #CarnavalesMushucRuna! 🎊,https://www.facebook.com/1675458624581662/videos/214554985024486
carnaval-2024,8,105221087662733_866681975459335,2023-12-14,consideracion,added_video,3238,1888,964,386,artistas-musica,"🤘¡wow! ¡𝑻𝒖 𝒃𝒂𝒏𝒅𝒂 𝒑𝒐𝒅𝒓𝒂́ 𝒂𝒃𝒓𝒊𝒓 𝒆𝒍 𝒄𝒐𝒏𝒄𝒊𝒆𝒓𝒕𝒐 𝒅𝒆 𝑹𝑨𝑻𝑨 𝑩𝑳𝑨𝑵𝑪𝑨!🤘   ✅ ¿Qué debes hacer? Comparte un video de tu banda en los comentarios de este post, el que tenga mayor interacción será el ganador.   🎸Si el rock corre por tus venas no dejes pasar esta oportunidad.   EL FESTIVAL DEL ROCK en la EXPOFERIA M",https://www.facebook.com/1675458624581662/videos/6582173245222601
carnaval-2024,9,105221087662733_882368650557334,2024-01-07,consideracion,added_video,3064,2612,125,327,artistas-musica|precio-entradas|acceso-servicio,"¡Únete a la fiesta en carnaval 💦🎉 y disfruta del 𝐟𝐞𝐬𝐭𝐢𝐯𝐚𝐥 𝐝𝐞𝐥 rock! 🤘🎸🎶🥳🎊  📅 Domingo, 11 de febrero 2024 ⏰ 18H00 📍 Complejo Mushuc Runa  🎟️ Entradas a la venta en: https://bit.ly/48sx0rX  ¡𝐍𝐨 𝐭𝐞 𝐥𝐨 𝐩𝐢𝐞𝐫𝐝𝐚𝐬! 4ta #ExpoferiaNacionalMushucRuna #ExpoferiaMasGrandeDelEcuador #ÚneteALaFiesta",https://www.facebook.com/1675458624581662/videos/1295774801091855
carnaval-2024,10,105221087662733_882367857224080,2024-01-07,consideracion,added_video,2467,2118,77,272,precio-entradas|acceso-servicio,"¡Únete a la fiesta en carnaval 💦🎉 y disfruta del 𝐟𝐞𝐬𝐭𝐢𝐯𝐚𝐥 𝐝𝐞𝐥 𝐚𝐦𝐨𝐫! 🌹🎶🥳🎊  📅 Sábado, 10 de febrero 2024 ⏰ 18H00 📍 Complejo Mushuc Runa  🎟️ Entradas a la venta en: https://bit.ly/3RFJbdz  ¡𝐍𝐨 𝐭𝐞 𝐥𝐨 𝐩𝐢𝐞𝐫𝐝𝐚𝐬! 4ta #ExpoferiaNacionalMushucRuna #galygaliano #faustomiño #Sahiro #ExpoferiaMasGrandeDelEcuado",https://www.facebook.com/1675458624581662/videos/303562498819768
carnaval-2024,11,105221087662733_882481270546072,2024-01-07,consideracion,added_video,2316,1923,85,308,artistas-musica|precio-entradas,"¡Por primera vez en Ecuador! 🎺🎷𝑬𝑳 𝑽𝑬𝑹𝑺𝑼𝑺 𝑫𝑬 𝑳𝑨 𝑪𝑼𝑴𝑩𝑰𝑨🎹🎤🥳🎉  📅 lunes, 12 de febrero 2024 ⏰ 18H00 📍 Complejo Mushuc Runa  🎟️ Entradas a la venta en: https://www.passline.com/sitio/mushucruna  ¡𝐍𝐨 𝐭𝐞 𝐥𝐨 𝐩𝐢𝐞𝐫𝐝𝐚𝐬! 4ta #ExpoferiaNacionalMushucRuna #ExpoferiaMasGrandeDelEcuador #ÚneteALaFiesta",https://www.facebook.com/1675458624581662/videos/730060182166152
carnaval-2024,12,105221087662733_901753168618882,2024-02-04,urgencia,added_photos,2215,1647,126,442,artistas-musica|precio-entradas|acceso-servicio,¡𝐋𝐨 𝐦𝐞𝐣𝐨𝐫 𝐝𝐞𝐥 𝐑𝐨𝐜𝐤 𝐍𝐚𝐜𝐢𝐨𝐧𝐚𝐥 𝐬𝐞 𝐯𝐢𝐯𝐞 𝐞𝐧 𝐌𝐮𝐬𝐡𝐮𝐜 𝐑𝐮𝐧𝐚! 🎸🥳 Únete a nosotros en el 𝐌𝐔𝐒𝐇𝐔𝐂 𝐑𝐎𝐂𝐊 𝐅𝐄𝐒𝐓 y disfruta de una noche llena de energía con el mejor metal nacional. 🤘 Adquiere tus entradas aquí: https://www.passline.com/eventos/mushuc-rock-fest  #CarnavalesMushucRuna #ExpoferiaNacionalMushucRuna #Mu,https://www.facebook.com/1675458624581662/posts/901753168618882
carnaval-2024,13,105221087662733_913523084108557,2024-02-21,postevento,added_video,2042,1942,21,79,cultura-identidad|cobertura-en-vivo,"¡#CarnavalesMushucRuna, una fiesta llena de sabor y tradición! 🎉 Así fue la repartición de los 25 mil vasos de jucho en nuestra expo. Revivamos juntos este momento.🥤 Like si probaste esta bebida tradicional.",https://www.facebook.com/1675458624581662/videos/3906107869616651
carnaval-2024,14,105221087662733_872828404844692,2023-12-23,consideracion,added_video,2028,1702,33,293,artistas-musica,¡El artista del momento en la 4️⃣𝐭𝐚 𝐄𝐱𝐩𝐨𝐟𝐞𝐫𝐢𝐚 𝐍𝐚𝐜𝐢𝐨𝐧𝐚𝐥 𝐌𝐮𝐬𝐡𝐮𝐜 𝐑𝐮𝐧𝐚! 🥳🎉 ¡¡¡FRESTO!!!  #ExpoMushucRuna #ExpoferiaMásGrandeDelEcuador,https://www.facebook.com/1675458624581662/videos/1076523366742817
carnaval-2024,15,105221087662733_882549637205902,2024-01-07,consideracion,added_video,1755,1556,46,153,artistas-musica|precio-entradas,"¡Únete a la fiesta en carnaval 💦🎉 y vívelos al ritmo de Cumbia y Son !! 🎶🥳🎊  📅 Martes, 13 de febrero 2024 ⏰ 18H00 📍 Complejo Mushuc Runa  🎟️ Entradas a la venta en: https://bit.ly/41FZUSv  ¡𝐍𝐨 𝐭𝐞 𝐥𝐨 𝐩𝐢𝐞𝐫𝐝𝐚𝐬! 4ta #ExpoferiaNacionalMushucRuna #ExpoferiaMasGrandeDelEcuador #ÚneteALaFiesta",https://www.facebook.com/1675458624581662/videos/256213010822724
carnaval-2024,16,105221087662733_881751777285688,2024-01-06,consideracion,added_video,1621,1398,45,178,artistas-musica|precio-entradas,"¡Únete a la fiesta en carnaval 💦🎉 y vívelos con… ¡¡𝐕𝐚𝐥𝐥𝐞𝐧𝐚𝐭𝐨𝐬!! 🪗🎶🥳🎊  📅 Viernes, 9 de febrero 2024 ⏰ 18H00 📍 Complejo Mushuc Runa  🎟️ Entradas a la venta en: https://bit.ly/3trgucq  ¡𝐍𝐨 𝐭𝐞 𝐥𝐨 𝐩𝐢𝐞𝐫𝐝𝐚𝐬! 4ta #ExpoferiaNacionalMushucRuna #ExpoferiaMasGrandeDelEcuador #ÚneteALaFiesta",https://www.facebook.com/1675458624581662/videos/1513852486079716
carnaval-2024,17,105221087662733_905896561537876,2024-02-10,en-vivo,added_video,1505,1406,16,83,artistas-musica,🪗🔥🎶 #PrimeraNocheDeShows 💦🔥 ¡la rompimos! 👋🏻🎊  Daniel Calderón & Los Gigantes del Vallenato (un corto de su presentación en el mega escenario) 🥳💦🎶🥃🪗  #CarnavalesMushucRuna #ExpoferiaNacionalMushucRuna #ExpoferiaNacionalMushucRuna #ÚneteALaFiesta,https://www.facebook.com/1675458624581662/videos/914048573516080
carnaval-2024,18,105221087662733_907970851330447,2024-02-13,en-vivo,added_video,1002,910,19,73,artistas-musica,Así fue parte de la presentación de #CorazónSerrano en el mega escenario. 🎙️💦🎶🥳,https://www.facebook.com/1675458624581662/videos/927070225880765
carnaval-2024,19,105221087662733_913846134076252,2024-02-21,postevento,added_video,966,879,25,62,artistas-musica,"Sin duda lo más esperado de todas nuestras noches de shows, ¡la #ChacanaDeOro y el #PonchoRojo!🔅🥳👏🏻   Dos grandes galardones que son entregados a artistas nacionales e internacionales que brindan un espectáculo único en nuestro mega escenario 🥳👏🏻.   Revive los grandes momentos que se vivieron en la ",https://www.facebook.com/1675458624581662/videos/1670137650391753
carnaval-2024,20,105221087662733_884435210350678,2024-01-10,conversion,added_photos,940,722,72,146,confianza-operacion,"📄 COMUNICADO OFICIAL | La Expoferia Nacional Mushuc Runa 2024, comunica: 👇🏻  #ExpoferiaMasGrandeDelEcuador #ÚneteALaFiesta #ExpoferiaNacionalMushucRuna",https://www.facebook.com/1675458624581662/posts/884435210350678
carnaval-2025,1,105221087662733_1152223576905172,2025-01-15,consideracion,added_video,4372,3628,83,661,artistas-musica|cultura-identidad|acceso-servicio|comunidad-prueba,LA FERIA MÁS GRANDE DEL ECUADOR. 🔸𝟱𝘁𝗮 𝗘𝘅𝗽𝗼𝗳𝗲𝗿𝗶𝗮 𝗡𝗮𝗰𝗶𝗼𝗻𝗮𝗹 𝗠𝘂𝘀𝗵𝘂𝗰 𝗥𝘂𝗻𝗮🔸 Disfruta el Carnaval en familia con todos nuestros atractivos.. 🗓️ del 𝟮𝟴 𝗱𝗲 𝗙𝗲𝗯𝗿𝗲𝗿𝗼 al 𝟰 𝗱𝗲 𝗠𝗮𝗿𝘇𝗼. Vive los CARNAVALES 2025 en el Complejo Intercultural Mushuc Runa en: ¡la fiesta de todos! 5ta #ExpoferiaNacionalMushucRuna #Expof,https://www.facebook.com/1675458624581662/videos/930255149196908
carnaval-2025,2,105221087662733_1168977628563100,2025-02-06,conversion,added_photos,4106,3858,48,200,artistas-musica|cultura-identidad|comunidad-prueba,Diviértete en familia en la: 🌙𝗣𝗹𝗮𝘇𝗮 𝗱𝗲 𝗹𝗮 𝗟𝘂𝗻𝗮 Shows familiares para grandes y chicos 🗓️Sábado 01/ Marzo/ Shows desde las 13h00 pm. 👨‍👩‍👦‍👦EL mejor plan familiar para este feriado de carnaval lo encuentras en 📍El Complejo Intercultural Mushuc Runa en ¡𝙡𝙖 𝙛𝙞𝙚𝙨𝙩𝙖 𝙙𝙚 𝙩𝙤𝙙𝙤𝙨! 5ta #ExpoferiaNacionalMushuc,https://www.facebook.com/1675458624581662/posts/1168977628563100
carnaval-2025,3,105221087662733_1187731260021070,2025-03-02,en-vivo,added_photos,3995,3698,115,182,artistas-musica|acceso-servicio,¡Poncho Rojo para la Banda Rata Blanca! 🔥🎸🤘🏻 Lo cumplimos otra vez #MushucRockFest ¡que hayan disfrutado!,https://www.facebook.com/1675458624581662/posts/1187731260021070
carnaval-2025,4,105221087662733_1171136598347203,2025-02-09,conversion,added_photos,3676,3190,112,374,artistas-musica|cultura-identidad|precio-entradas,"MUSHUC ROCK FEST 2da Edición en la  🔸𝟱𝘁𝗮 𝗘𝘅𝗽𝗼𝗳𝗲𝗿𝗶𝗮 𝗡𝗮𝗰𝗶𝗼𝗻𝗮𝗹 𝗠𝘂𝘀𝗵𝘂𝗰 𝗥𝘂𝗻𝗮🔸 🗓️ SÁBADO 01 de MARZO /🕖18H00 📍COMPLEJO INTERCULTURAL MUSHUC RUNA 🤟𝗥𝗔𝗧𝗔 𝗕𝗟𝗔𝗡𝗖𝗔 🤟𝗕𝗔𝗝𝗢 𝗦𝗨𝗘𝗡̃𝗢𝗦 🤟𝗙𝗔𝗗𝗘 𝗢𝗨𝗧 🤟𝗥𝗘𝗧𝗥𝗢 𝗕𝗔𝗡𝗗  🎟️𝐀𝐃𝐐𝐔𝐈𝐄𝐑𝐄 𝐓𝐔𝐒 𝐄𝐍𝐓𝐑𝐀𝐃𝐀𝐒 🎟️ 📱WhatsApp: 098 563 6721 🎟https://acortar.link/zWycx5 En el Complejo Mushuc Runa, el ",https://www.facebook.com/1675458624581662/posts/1171136598347203
carnaval-2025,5,105221087662733_1170390075088522,2025-02-08,conversion,added_photos,3561,3257,82,222,artistas-musica|cultura-identidad|comunidad-prueba,Diviértete en familia en la: 🌙𝗣𝗹𝗮𝘇𝗮 𝗱𝗲 𝗹𝗮 𝗟𝘂𝗻𝗮 Shows familiares para grandes y chicos 🗓️Martes 04/ Marzo/ Shows desde las 13h00 pm. 👨‍👩‍👦‍👦EL mejor plan familiar para este feriado de carnaval lo encuentras en 📍El Complejo Intercultural Mushuc Runa en ¡𝙡𝙖 𝙛𝙞𝙚𝙨𝙩𝙖 𝙙𝙚 𝙩𝙤𝙙𝙤𝙨! 5ta #ExpoferiaNacionalMushuc,https://www.facebook.com/1675458624581662/posts/1170390075088522
carnaval-2025,6,105221087662733_1169625938498269,2025-02-07,conversion,added_photos,3395,3177,41,177,artistas-musica|cultura-identidad|comunidad-prueba,Diviértete en familia en la: 🌙𝗣𝗹𝗮𝘇𝗮 𝗱𝗲 𝗹𝗮 𝗟𝘂𝗻𝗮 Shows familiares para grandes y chicos 🗓️Domingo 02/ Marzo/ Shows desde las 13h00 pm. 👨‍👩‍👦‍👦EL mejor plan familiar para este feriado de carnaval lo encuentras en 📍El Complejo Intercultural Mushuc Runa en ¡𝙡𝙖 𝙛𝙞𝙚𝙨𝙩𝙖 𝙙𝙚 𝙩𝙤𝙙𝙤𝙨! 5ta #ExpoferiaNacionalMushu,https://www.facebook.com/1675458624581662/posts/1169625938498269
carnaval-2025,7,105221087662733_1156998753094321,2025-01-21,consideracion,added_video,2911,2221,185,505,artistas-musica|precio-entradas,"⌛La espera ha terminado⌛ 🔸𝟱𝘁𝗮 𝗘𝘅𝗽𝗼𝗳𝗲𝗿𝗶𝗮 𝗡𝗮𝗰𝗶𝗼𝗻𝗮𝗹 𝗠𝘂𝘀𝗵𝘂𝗰 𝗥𝘂𝗻𝗮🔸 PRESENTA EN EXCLUSIVA PARA ECUADOR 🤟🏻𝗥𝗔𝗧𝗔 𝗕𝗟𝗔𝗡𝗖𝗔 en concierto.... 🗓️ SÁBADO 01 de MARZO /🕖18H00 𝐀𝐃𝐐𝐔𝐈𝐄𝐑𝐄 𝐓𝐔𝐒 𝐄𝐍𝐓𝐑𝐀𝐃𝐀𝐒 🎟️ 📱WhatsApp: https://w.app/EXPOFERIAMUSHUCRUNA 🎟 https://boleteriaobtelsa.azurewebsites.net/  el Complejo Mushuc Runa, ",https://www.facebook.com/1675458624581662/videos/2381182945576830
carnaval-2025,8,105221087662733_1171373788323484,2025-02-09,conversion,added_photos,2611,2396,86,129,artistas-musica|cultura-identidad|precio-entradas,FESTIVAL INTERNACIONAL LATINO en la  🔸𝟱𝘁𝗮 𝗘𝘅𝗽𝗼𝗳𝗲𝗿𝗶𝗮 𝗡𝗮𝗰𝗶𝗼𝗻𝗮𝗹 𝗠𝘂𝘀𝗵𝘂𝗰 𝗥𝘂𝗻𝗮🔸 🗓️ DOMINGO 02 de MARZO /🕖18H00 📍COMPLEJO INTERCULTURAL MUSHUC RUNA ⭐-𝗞𝗘 𝗣𝗘𝗥𝗦𝗢𝗡𝗔𝗝𝗘𝗦 🤩-𝗟𝗔 𝗩𝗔𝗚𝗔𝗡𝗖𝗜𝗔 🤩-𝗗𝗔𝗩𝗜𝗗 𝗡𝗔𝗩𝗔𝗥𝗥𝗢 🤩-𝗚𝗔𝗕𝗢 𝗘𝗟 𝗠𝗔́𝗚𝗜𝗖𝗢  🎟️𝐀𝐃𝐐𝐔𝐈𝐄𝐑𝐄 𝐓𝐔𝐒 𝐄𝐍𝐓𝐑𝐀𝐃𝐀𝐒 🎟️ 📱WhatsApp: 098 563 6721 🎟https://acortar.link/E81LrU En el Complejo,https://www.facebook.com/1675458624581662/posts/1171373788323484
carnaval-2025,9,105221087662733_1170010501793146,2025-02-07,conversion,added_photos,2566,2391,37,138,artistas-musica|cultura-identidad|comunidad-prueba,Diviértete en familia en la: 🌙𝗣𝗹𝗮𝘇𝗮 𝗱𝗲 𝗹𝗮 𝗟𝘂𝗻𝗮 Shows familiares para grandes y chicos 🗓️Lunes 03/ Marzo/ Shows desde las 13h00 pm. 👨‍👩‍👦‍👦EL mejor plan familiar para este feriado de carnaval lo encuentras en 📍El Complejo Intercultural Mushuc Runa en ¡𝙡𝙖 𝙛𝙞𝙚𝙨𝙩𝙖 𝙙𝙚 𝙩𝙤𝙙𝙤𝙨! 5ta #ExpoferiaNacionalMushucR,https://www.facebook.com/1675458624581662/posts/1170010501793146
carnaval-2025,10,105221087662733_1189347019859494,2025-03-04,en-vivo,added_video,2361,2266,38,57,artistas-musica|expositores-negocios|comunidad-prueba,🔥 ¡Widinson en nuestra GALERIA DE ARTISTAS INTERNACIONALES!  ¡Una vez más marcando la diferencia! 5ta #ExpoferiaNacionalMushucRuna #CarnavalesMushucRuna #Carnaval2025 #conciertosecuador #complejomushucruna,https://www.facebook.com/1675458624581662/videos/1394164271963646
carnaval-2025,11,105221087662733_1170532698407593,2025-02-08,conversion,added_photos,2133,1910,38,185,artistas-musica|cultura-identidad|precio-entradas,FESTIVAL DE LA ROCKOLA en la 🔸𝟱𝘁𝗮 𝗘𝘅𝗽𝗼𝗳𝗲𝗿𝗶𝗮 𝗡𝗮𝗰𝗶𝗼𝗻𝗮𝗹 𝗠𝘂𝘀𝗵𝘂𝗰 𝗥𝘂𝗻𝗮🔸 🗓️ VIERNES 28 de FEBRERO /🕖19H00 📍COMPLEJO INTERCULTURAL MUSHUC RUNA 🎶-𝗦𝗘𝗚𝗨𝗡𝗗𝗢 𝗥𝗢𝗦𝗘𝗥𝗢 🎶-𝗝𝗨𝗔𝗡𝗜𝗧𝗔 𝗕𝗨𝗥𝗕𝗔𝗡𝗢 🎶-𝗗𝗜𝗘𝗚𝗢 𝗣𝗔𝗨́𝗟 🎶-𝗩𝗘𝗥𝗢́𝗡𝗜𝗖𝗔 𝗡𝗔𝗚𝗜𝗘𝗟𝗬  𝐀𝐃𝐐𝐔𝐈𝐄𝐑𝐄 𝐓𝐔𝐒 𝐄𝐍𝐓𝐑𝐀𝐃𝐀𝐒 🎟️ 📱WhatsApp: 098 563 6721 🎟 https://acortar.link/FuEVAJ En el Complejo M,https://www.facebook.com/1675458624581662/posts/1170532698407593
carnaval-2025,12,105221087662733_1188533566607506,2025-03-03,en-vivo,added_photos,2054,1919,60,75,artistas-musica,Un show de locura se vivió en el 𝐅𝐄𝐒𝐓𝐈𝐕𝐀𝐋 𝐋𝐀𝐓𝐈𝐍𝐎. Junto a La Vagancia  y Ke Personajes   que nos dejaron sin aliento.    #ExpoferiaMushucRuna #MushucRockFest 5ta #ExpoferiaNacionalMushucRuna #ExpoferiaMasGrandeDelEcuador #CarnavalesMushucRuna #Carnaval2025 #ComplejoMushucRuna,https://www.facebook.com/1675458624581662/posts/1188533566607506
carnaval-2025,13,105221087662733_1158618059599057,2025-01-23,consideracion,added_video,2014,1799,54,161,artistas-musica|precio-entradas,"La banda revelación del momento llega a la: 🔸𝟱𝘁𝗮 𝗘𝘅𝗽𝗼𝗳𝗲𝗿𝗶𝗮 𝗡𝗮𝗰𝗶𝗼𝗻𝗮𝗹 𝗠𝘂𝘀𝗵𝘂𝗰 𝗥𝘂𝗻𝗮🔸 𝗞𝗘-𝗣𝗘𝗥𝗦𝗢𝗡𝗔𝗝𝗘𝗦 en concierto.... 🗓️ DOMINGO 02 de MARZO /🕖18H00 𝐀𝐃𝐐𝐔𝐈𝐄𝐑𝐄 𝐓𝐔𝐒 𝐄𝐍𝐓𝐑𝐀𝐃𝐀𝐒 🎟️ 📱WhatsApp: 098 563 6721 🎟https://acortar.link/E81LrU  En el Complejo Mushuc Runa, el carnaval es ¡𝗹𝗮 𝗳𝗶𝗲𝘀𝘁𝗮 𝗱𝗲 𝘁𝗼𝗱𝗼𝘀! 5ta #Expoferia",https://www.facebook.com/1675458624581662/videos/8166515930118202
carnaval-2025,14,105221087662733_1185158080278388,2025-02-26,urgencia,added_video,1717,1556,35,126,artistas-musica|cultura-identidad|precio-entradas,"💓𝗖𝗢𝗥𝗔𝗭𝗢́𝗡 𝗦𝗘𝗥𝗥𝗔𝗡𝗢 en la 🔸𝟱𝘁𝗮 𝗘𝘅𝗽𝗼𝗳𝗲𝗿𝗶𝗮 𝗡𝗮𝗰𝗶𝗼𝗻𝗮𝗹 𝗠𝘂𝘀𝗵𝘂𝗰 𝗥𝘂𝗻𝗮🔸 🗓️ LUNES 03 de MARZO /🕖18H00 📍COMPLEJO INTERCULTURAL MUSHUC RUNA 𝐀𝐃𝐐𝐔𝐈𝐄𝐑𝐄 𝐓𝐔𝐒 𝐄𝐍𝐓𝐑𝐀𝐃𝐀𝐒 🎟️ 📱WhatsApp: 098 563 6721 🎟https://acortar.link/QNuNmO En el Complejo Mushuc Runa, el carnaval es ¡𝗹𝗮 𝗳𝗶𝗲𝘀𝘁𝗮 𝗱𝗲 𝘁𝗼𝗱𝗼𝘀! 5ta #ExpoferiaNacionalMushucRuna",https://www.facebook.com/1675458624581662/videos/1180595900201659
carnaval-2025,15,105221087662733_1176727501121446,2025-02-16,conversion,added_photos,1703,1413,99,191,artistas-musica|comunidad-prueba,"📥𝗗𝗘𝗦𝗖𝗔𝗥𝗚𝗔 𝗟𝗔 𝗣𝗥𝗢𝗚𝗥𝗔𝗠𝗔𝗖𝗜𝗢́𝗡 𝗚𝗘𝗡𝗘𝗥𝗔𝗟 𝗗𝗘 𝗙𝗘𝗥𝗜𝗔 y conoce de todos nuestros atractivos y shows. Para que disfrutes en familia y con amigos de la 🔸𝟱𝘁𝗮 𝗘𝘅𝗽𝗼𝗳𝗲𝗿𝗶𝗮 𝗡𝗮𝗰𝗶𝗼𝗻𝗮𝗹 𝗠𝘂𝘀𝗵𝘂𝗰 𝗥𝘂𝗻𝗮🔸 🗓️ Del 𝟮𝟴 𝗱𝗲 𝗙𝗲𝗯𝗿𝗲𝗿𝗼 al 𝟰 𝗱𝗲 𝗠𝗮𝗿𝘇𝗼. 🔅 En el Complejo Mushuc Runa, el CARNAVAL es ¡𝙡𝙖 𝙛𝙞𝙚𝙨𝙩𝙖 𝙙𝙚 𝙩𝙤𝙙𝙤𝙨! 5ta #ExpoferiaNaciona",https://www.facebook.com/1675458624581662/posts/1176727501121446
carnaval-2025,16,105221087662733_1153909490069914,2025-01-17,consideracion,added_video,1650,1330,21,299,artistas-musica|confianza-operacion,"𝗟𝗢𝗦 𝗠𝗘𝗝𝗢𝗥𝗘𝗦 𝗦𝗛𝗢𝗪𝗦 𝗡𝗔𝗖𝗜𝗢𝗡𝗔𝗟𝗘𝗦 𝗘 𝗜𝗡𝗧𝗘𝗥𝗡𝗔𝗖𝗜𝗢𝗡𝗔𝗟𝗘𝗦 los vivirás en LA FERIA MÁS GRANDE DEL ECUADOR. 🔸𝟱𝘁𝗮 𝗘𝘅𝗽𝗼𝗳𝗲𝗿𝗶𝗮 𝗡𝗮𝗰𝗶𝗼𝗻𝗮𝗹 𝗠𝘂𝘀𝗵𝘂𝗰 𝗥𝘂𝗻𝗮🔸 🗓️ del 𝟮𝟴 𝗱𝗲 𝗙𝗲𝗯𝗿𝗲𝗿𝗼 al 𝟰 𝗱𝗲 𝗠𝗮𝗿𝘇𝗼. Porque en el Complejo Mushuc Runa, el carnaval es ¡la fiesta de todos! 5ta #ExpoferiaNacionalMushucRuna #ExpoferiaMasGrandeDelEcuado",https://www.facebook.com/1675458624581662/videos/576776478508794
carnaval-2025,17,105221087662733_1156326879828175,2025-01-20,consideracion,added_video,1517,1263,69,185,artistas-musica|precio-entradas,"La banda revelación del momento llega a la: 🔸𝟱𝘁𝗮 𝗘𝘅𝗽𝗼𝗳𝗲𝗿𝗶𝗮 𝗡𝗮𝗰𝗶𝗼𝗻𝗮𝗹 𝗠𝘂𝘀𝗵𝘂𝗰 𝗥𝘂𝗻𝗮🔸 𝗞𝗘-𝗣𝗘𝗥𝗦𝗢𝗡𝗔𝗝𝗘𝗦 en concierto.... 🗓️ DOMINGO 02 de MARZO /🕖18H00 𝐀𝐃𝐐𝐔𝐈𝐄𝐑𝐄 𝐓𝐔𝐒 𝐄𝐍𝐓𝐑𝐀𝐃𝐀𝐒 🎟️ 📱WhatsApp: https://w.app/EXPOFERIAMUSHUCRUNA 🎟 https://boleteriaobtelsa.azurewebsites.net/  En el Complejo Mushuc Runa, el carnaval ",https://www.facebook.com/1675458624581662/videos/1172771527746853
carnaval-2025,18,105221087662733_1170626278398235,2025-02-08,conversion,added_photos,1329,1162,25,142,artistas-musica|cultura-identidad|precio-entradas,FESTIVAL DE LA CUMBIA en la 🔸𝟱𝘁𝗮 𝗘𝘅𝗽𝗼𝗳𝗲𝗿𝗶𝗮 𝗡𝗮𝗰𝗶𝗼𝗻𝗮𝗹 𝗠𝘂𝘀𝗵𝘂𝗰 𝗥𝘂𝗻𝗮🔸 🗓️ LUNES 03 de MARZO /🕖18H00 📍COMPLEJO INTERCULTURAL MUSHUC RUNA 💓-𝗖𝗢𝗥𝗔𝗭𝗢́𝗡 𝗦𝗘𝗥𝗥𝗔𝗡𝗢 ❤️‍🔥-𝗪𝗜𝗗𝗜𝗡𝗦𝗢𝗡 ❤️‍🔥-𝗟𝗨𝗖𝗛𝗢 𝗟𝗔𝗥𝗔 & 𝗦𝗨 𝗚𝗥𝗨𝗣𝗢 𝗸´𝗡𝗘𝗟𝗔 ❤️‍🔥-𝗚𝗜𝗢𝗥𝗚𝗜 𝗠𝗢𝗥𝗔𝗟𝗘𝗦 & 𝗖𝗘𝗟𝗘𝗦𝗧𝗘 𝗢𝗥𝗤𝗨𝗘𝗦𝗧𝗔  𝐀𝐃𝐐𝐔𝐈𝐄𝐑𝐄 𝐓𝐔𝐒 𝐄𝐍𝐓𝐑𝐀𝐃𝐀𝐒 🎟️ 📱WhatsApp: 098 563 6721 🎟 https://acor,https://www.facebook.com/1675458624581662/posts/1170626278398235
carnaval-2025,19,105221087662733_1188562883271241,2025-03-03,en-vivo,added_video,1234,1181,21,32,artistas-musica|comunidad-prueba,🇪🇨Gracias Ecuador🇪🇨 Gracias Abg. Luis Alfonso Chango Gracias 5ta Expoferia Nacional Mushuc Runa  #ExpoferiaMushucRuna #MushucRockFest 5ta #ExpoferiaNacionalMushucRuna #ExpoferiaMasGrandeDelEcuador #CarnavalesMushucRuna #Carnaval2025 #ComplejoMushucRuna,https://www.facebook.com/1675458624581662/videos/1002107134579556
carnaval-2025,20,105221087662733_1144746364319560,2025-01-05,consideracion,added_video,1040,661,29,350,artistas-musica|confianza-operacion,"Todo listo para los MEJORES SHOWS NACIONALES e INTERNACIONALES en la FERIA MÁS GRANDE DEL ECUADOR. 🔸𝟱𝘁𝗮 𝗘𝘅𝗽𝗼𝗳𝗲𝗿𝗶𝗮 𝗡𝗮𝗰𝗶𝗼𝗻𝗮𝗹 𝗠𝘂𝘀𝗵𝘂𝗰 𝗥𝘂𝗻𝗮🔸 🗓️ Del 𝟮𝟴 𝗱𝗲 𝗙𝗲𝗯𝗿𝗲𝗿𝗼 al 𝟰 𝗱𝗲 𝗠𝗮𝗿𝘇𝗼. 🔅 En el Complejo Mushuc Runa, el CARNAVAL es ¡𝙡𝙖 𝙛𝙞𝙚𝙨𝙩𝙖 𝙙𝙚 𝙩𝙤𝙙𝙤𝙨!  🤩𝐋𝐚𝐧𝐳𝐚𝐦𝐢𝐞𝐧𝐭𝐨 𝐝𝐞 𝐂𝐚𝐫𝐭𝐞𝐥𝐞𝐫𝐚 𝐨𝐟𝐢𝐜𝐢𝐚𝐥 𝐋𝐮𝐧𝐞𝐬 𝟏𝟑 𝐝𝐞 𝐄𝐧𝐞𝐫𝐨 🤩  5ta #E",https://www.facebook.com/1675458624581662/videos/1006269524340763
finados-2025,1,729780340226059_122112912165017479,2025-11-04,en-vivo,added_video,28595,27079,113,1403,artistas-musica,Dian Paucar se apoderó del megaescenario y nos regaló un cierre inolvidable.,https://www.facebook.com/reel/807122288757946/
finados-2025,2,729780340226059_122107959093017479,2025-10-07,conversion,added_video,5557,5081,124,352,artistas-musica,"🥳 Entre acordes, alegría y preparativos… 🎶 Así se siente la energía de lo que se viene en 𝒍𝒂 𝒏𝒐𝒄𝒉𝒆 𝒅𝒆 𝒍𝒂 𝒄𝒖𝒎𝒃𝒊𝒂.  #FinadosMushucRuna #lavaganciaec #Finados2025 #nochedelacumbia #Ecuador #ComplejoMushucRuna La Vagancia Luis Alfonso Chango",https://www.facebook.com/reel/1345746300422916/
finados-2025,3,729780340226059_122110520601017479,2025-10-21,conversion,added_video,4697,4501,48,148,precio-entradas,"🎶 𝑬𝒖𝒍𝒆𝒓 𝑪𝒂𝒊𝒄𝒆𝒅𝒐, 𝐞𝐬𝐭𝐚𝐫𝐚́ 𝐞𝐧 𝐥𝐚 𝐍𝐨𝐜𝐡𝐞 𝐒𝐮𝐫𝐞𝐧̃𝐚 𝐣𝐮𝐧𝐭𝐨 𝐚 𝐃𝐢𝐧𝐚 𝐏𝐚𝐮𝐜𝐚𝐫 𝐲 𝐅𝐫𝐚𝐧𝐜𝐨 𝐑𝐨𝐣𝐚𝐬 🎤💙  𝑪𝒐𝒎𝒑𝒓𝒂 𝒚𝒂 𝒕𝒖𝒔 𝒆𝒏𝒕𝒓𝒂𝒅𝒂𝒔 y vive la fiesta más esperada de la Feria de 𝑭𝒊𝒏𝒂𝒅𝒐𝒔 𝑴𝒖𝒔𝒉𝒖𝒄 𝑹𝒖𝒏𝒂 🎉  🎟️ Adquiere ya tus entradas en: www.finados.complejomushucruna.ec 📍 𝐂𝐨𝐨𝐩𝐞𝐫𝐚𝐭𝐢𝐯𝐚 𝐌𝐮𝐬𝐡𝐮𝐜 𝐑𝐮𝐧𝐚 (𝐀𝐦𝐛𝐚𝐭𝐨) 📍 𝐇𝐨𝐭𝐞𝐥 𝐄𝐦𝐩𝐞𝐫𝐚𝐝𝐨𝐫  Lunes",https://www.facebook.com/reel/1313077970026366/
finados-2025,4,729780340226059_122109475179017479,2025-10-15,conversion,added_video,4523,4411,24,88,sin-tema-detectado,💃🔥 ¡𝐄𝐮𝐥𝐞𝐫 𝐂𝐚𝐢𝐜𝐞𝐝𝐨 𝐧𝐨𝐬 𝐩𝐮𝐬𝐨 𝐞𝐥 𝐫𝐞𝐭𝐨 𝐲 𝐞𝐥 𝐚𝐛𝐨𝐠𝐚𝐝𝐨 𝐝𝐢𝐣𝐨: 𝐝𝐞 𝐮𝐧𝐚! Así arrancamos nuestras previas de feria con el trend más encendido. 👋🏻🎡🎶  𝒅𝒆𝒍 31 𝒅𝒆 𝒐𝒄𝒕𝒖𝒃𝒓𝒆 𝒂𝒍 4 𝒅𝒆 𝒏𝒐𝒗𝒊𝒆𝒎𝒃𝒓𝒆  ¿Te animas a hacerlo? 😎 #FinadosMushucRuna #eulercaicedo #Finados2025,https://www.facebook.com/reel/1447484882989679/
finados-2025,5,729780340226059_122108153655017479,2025-10-08,conversion,added_photos,3579,275,3265,39,confianza-operacion,🥳🤚🏻🎫 ¡𝐏𝐀𝐑𝐓𝐈𝐂𝐈𝐏𝐀 𝐘 𝐆𝐀𝐍𝐀 𝐄𝐋 𝐏𝐀𝐒𝐄 𝐃𝐎𝐑𝐀𝐃𝐎! Obtén el 𝒂𝒄𝒄𝒆𝒔𝒐 𝒕𝒐𝒕𝒂𝒍 a toda nuestra feria durante los 5 días de pura diversión. 😎 ¿Qué debes hacer?    💬 𝐂𝐨𝐦𝐞𝐧𝐭𝐚 este post con  @destacar y #FinadosMushucRuna   📲 𝐒𝐢́𝐠𝐮𝐞𝐧𝐨𝐬 en nuestras cuentas oficiales de 𝐅𝐁 - 𝐈𝐆 𝐲 𝐓𝐊 𝐜𝐨𝐦𝐨: @𝐟𝐢𝐧𝐚𝐝𝐨𝐬𝐦𝐮𝐬𝐡𝐮𝐜𝐫𝐮𝐧𝐚  📣 Daremos a con,https://www.facebook.com/122142325251017479/posts/122108153655017479
finados-2025,6,729780340226059_122110735539017479,2025-10-22,conversion,added_photos,2317,1883,388,46,expositores-negocios|cultura-identidad|acceso-servicio|cobertura-en-vivo,"🥖🔥 ¡𝐘𝐚 𝐭𝐞𝐧𝐞𝐦𝐨𝐬 𝐚 𝐥𝐨𝐬 𝐦𝐚́𝐬 𝐯𝐨𝐭𝐚𝐝𝐨𝐬! Ahora tú decides quién será el 𝑹𝒆𝒚 𝑷𝒂𝒏 de la quinta edición de #FinadosMushucRuna 👑 ¡Vota por tu favorito!  📅 Tienes hasta el 27 de octubre para participar. Recuerda: cada reacción cuenta y puede marcar la diferencia. 🔥  𝑭𝒊𝒏𝒂𝒅𝒐𝒔 𝑴𝒖𝒔𝒉𝒖𝒄 𝑹𝒖𝒏𝒂, 𝒅𝒆𝒍 31 𝒅𝒆 𝒐𝒄𝒕𝒖𝒃𝒓𝒆 𝒂𝒍 4 ",https://www.facebook.com/122142325251017479/posts/122110735539017479
finados-2025,7,729780340226059_122109245583017479,2025-10-14,conversion,added_video,2144,1814,45,285,artistas-musica,🎶🔥🔪 ¡esa no abogadooooooo!  Nos vemos en #HebertVargas el sábado 1 de noviembre. 🎶🎢🎤 #nochevallenata #FinadosMushucRuna #ecuador🇪🇨 #mematalamelancolia,https://www.facebook.com/reel/1073751428010687/
finados-2025,8,729780340226059_122112678429017479,2025-11-02,en-vivo,added_video,2121,1982,84,55,artistas-musica|experiencias-atractivos|comunidad-prueba,"🔥 ¡Gracias por vivir la magia del Megaescenario! Música, energía y emoción se unieron en una feria que está superando todas las expectativas. 🎶 Finados Mushuc Runa 2025… simplemente espectacular. #MegaEscenario #FinadosMushucRuna2025 #GraciasTotales #LuisAlfonsoChango",https://www.facebook.com/reel/1184737306862466/
finados-2025,9,729780340226059_122112474303017479,2025-11-01,en-vivo,added_video,2082,2046,10,26,cultura-identidad|acceso-servicio,"🎤 Así fue la visita de Adriana Lucía aquí, en nuestro recinto ferial.  𝐄𝐧𝐭𝐫𝐞 𝐞𝐦𝐨𝐜𝐢𝐨́𝐧, 𝐚𝐧𝐮𝐧𝐜𝐢𝐨𝐬 𝐭𝐨𝐩 𝐲 𝐟𝐮𝐥𝐥 𝐞𝐧𝐞𝐫𝐠𝐢́𝐚, 𝐜𝐚𝐥𝐞𝐧𝐭𝐚𝐦𝐨𝐬 𝐦𝐨𝐭𝐨𝐫𝐞𝐬 𝐩𝐚𝐫𝐚 𝐞𝐬𝐭𝐚 𝐧𝐨𝐜𝐡𝐞. ¡te esperamos!  #Ecuador #Finados2025 #FinadosMushucRuna #Tradiciones #Entretenimiento #Diversión #LaColadaMoradaMásGrande #GuaguasDePan",https://www.facebook.com/reel/782399394666370/
finados-2025,10,729780340226059_122103135207017479,2025-09-18,consideracion,added_video,1763,1195,39,529,artistas-musica|cultura-identidad|confianza-operacion,🎶 ¡𝐋𝐚 𝐦𝐮́𝐬𝐢𝐜𝐚 𝐲𝐚 𝐞𝐬𝐭𝐚́ 𝐥𝐢𝐬𝐭𝐚!🔥 Conoce la 𝐜𝐚𝐫𝐭𝐞𝐥𝐞𝐫𝐚 𝐨𝐟𝐢𝐜𝐢𝐚𝐥 de artistas que encenderán #FinadosMushucRuna 2025.🎼🎺🪗🥁 #LaTradiciónCobraVida  #conciertos2025 #música #AmarAzul #DinaPaucar #HebertVargas #FrancoRojas #basca #ecuador #MegaEscenario #complejomushucruna #Finados2025 #Feriado,https://www.facebook.com/122142325251017479/videos/4016128572031279
finados-2025,11,729780340226059_122109342885017479,2025-10-15,conversion,added_video,1577,1389,3,185,artistas-musica|precio-entradas|cobertura-en-vivo,"🎶 ¿𝐓𝐞 𝐢𝐦𝐚𝐠𝐢𝐧𝐚𝐬 𝐜𝐚𝐧𝐭𝐚𝐫 𝐞𝐬𝐭𝐚 𝐜𝐚𝐧𝐜𝐢𝐨́𝐧 𝐚 𝐭𝐨𝐝𝐨 𝐩𝐮𝐥𝐦𝐨́𝐧 𝐞𝐧 𝐯𝐢𝐯𝐨? La emoción, la rumba, el sentimiento… ¡¡𝐭𝐨𝐝𝐨 𝐞𝐧 𝐮𝐧 𝐬𝐨𝐥𝐨 𝐜𝐨𝐧𝐜𝐢𝐞𝐫𝐭𝐨! 🔥  🎤 𝐇𝐞𝐛𝐞𝐫𝐭 𝐕𝐚𝐫𝐠𝐚𝐬 𝐞𝐧 𝐯𝐢𝐯𝐨 – 𝐍𝐨 𝐭𝐞 𝐥𝐨 𝐩𝐮𝐞𝐝𝐞𝐬 𝐩𝐞𝐫𝐝𝐞𝐫. 🎟️ 𝐀𝐝𝐪𝐮𝐢𝐞𝐫𝐞 𝐲𝐚 𝐭𝐮𝐬 𝐞𝐧𝐭𝐫𝐚𝐝𝐚𝐬 𝐲 𝐯𝐢𝐯𝐞 𝐞𝐬𝐭𝐚 𝐞𝐱𝐩𝐞𝐫𝐢𝐞𝐧𝐜𝐢𝐚 𝐮́𝐧𝐢𝐜𝐚.  #HebertVargas #EnConcierto #MúsicaVallenata #EntradasYa #Va",https://www.facebook.com/reel/740634619001278/
finados-2025,12,729780340226059_122112910839017479,2025-11-04,en-vivo,added_photos,1434,1366,10,58,artistas-musica|cultura-identidad,Diana Paucar se apoderó del megaescenario y nos regaló un cierre inolvidable. Finados Mushuc Runa vibró con su voz y su energía 🎤🔥  #NocheSureña #MegaEscenario #LaTradiciónCobraVida,https://www.facebook.com/122142325251017479/posts/122112910839017479
finados-2025,13,729780340226059_122112729579017479,2025-11-03,en-vivo,added_video,1396,1294,20,82,artistas-musica,🇦🇷𝐀𝐌𝐀𝐑 𝐀𝐙𝐔𝐋🇦🇷 brilló con toda su energía en el Megaescenario 🔥 ¡Así cerramos una inolvidable 𝑵𝑶𝑪𝑯𝑬 𝑫𝑬 𝑪𝑼𝑴𝑩𝑰𝑨! #AmarAzul #MegaEscenario #CumbiaArgentina #Finados2025,https://www.facebook.com/reel/4074288122825262/
finados-2025,14,729780340226059_122110386609017479,2025-10-20,conversion,added_video,1273,1177,37,59,experiencias-atractivos|cultura-identidad,"🎠🎉 ¡La tradición también se juega! 🙌✨ En #finadosmushucruna 2025 revive los juegos de siempre como el trompo, porque aquí la diversión es para todas las edades 💫 #ecuador 🇪🇨 #JuegosTradicionales #trompo  Complejo Intercultural y Deportivo Mushuc Runa",https://www.facebook.com/reel/2258224594653951/
finados-2025,15,729780340226059_122112900867017479,2025-11-04,en-vivo,added_video,1246,1190,26,30,artistas-musica|cultura-identidad,🎶Dina Paucar y el abogado nos cuentan lo que se viene previo al gran concierto en esta Noche Sureña. ¡No te lo pierdas!  #Finados2025 #LaTradiciónCobraVida #diversion #entretenimiento #tradiciones #Ecuador2025,https://www.facebook.com/reel/1139051338440163/
finados-2025,16,729780340226059_122108881473017479,2025-10-12,conversion,added_video,1148,677,429,42,cultura-identidad,"🎫🥳 ¡El 𝐏𝐚𝐬𝐞 𝐃𝐨𝐫𝐚𝐝𝐨 llegó a #FinadosMushucRuna! Gana acceso TOTAL a todos los eventos 🎡🔥 Participa y vive la experiencia completa. 😎  📲 Unete a nuestra 𝐂𝐨𝐦𝐮𝐧𝐢𝐝𝐚𝐝 𝐌𝐮𝐬𝐡𝐮𝐜 𝐑𝐮𝐧𝐚 en 𝐖𝐡𝐚𝐭𝐬𝐀𝐩𝐩: https://chat.whatsapp.com/F55MzGGfTSP5ibu9JO3zwg?mode=wwt   𝑭𝒊𝒏𝒂𝒅𝒐𝒔 𝑴𝒖𝒔𝒉𝒖𝒄 𝑹𝒖𝒏𝒂, 𝒅𝒆𝒍 31 𝒅𝒆 𝒐𝒄𝒕𝒖𝒃𝒓𝒆 𝒂𝒍 4 𝒅𝒆 𝒏𝒐𝒗𝒊𝒆𝒎𝒃",https://www.facebook.com/reel/2050699302426875/
finados-2025,17,729780340226059_122106522873017479,2025-09-30,consideracion,added_video,1115,948,13,154,artistas-musica|cultura-identidad|precio-entradas,"La 𝐍𝐎𝐂𝐇𝐄 𝐃𝐄 𝐋𝐀 𝐂𝐔𝐌𝐁𝐈𝐀 te pondrá a bailar junto a:  🇦🇷𝑨𝑴𝑨𝑹 𝑨𝒁𝑼𝑳🇦🇷  🇪🇨𝑻𝑰𝑬𝑹𝑹𝑨 𝑪𝑨𝑵𝑬𝑳𝑨 y 𝑳𝑨 𝑽𝑨𝑮𝑨𝑵𝑪𝑰𝑨🇪🇨 🗓️ Domingo, 2 de noviembre 🕧18h00 📍Complejo Mushuc Runa  🔗Adquiere tu entradas en línea:  www.finados.complejomushucruna.ec  La 🎺𝑵𝒐𝒄𝒉𝒆 𝒅𝒆 𝒍𝒂 𝑪𝒖𝒎𝒃𝒊𝒂🎺 cobra vida en Finados 2025  #Finados2025 #LaTradición",https://www.facebook.com/reel/832817285755024/
finados-2025,18,729780340226059_122108810073017479,2025-10-12,conversion,added_photos,1072,1055,3,14,expositores-negocios|cultura-identidad|acceso-servicio,"💜🎡 Sensualidad, tradición, baile y carisma… eso  es Tierra Canela 🎶🎤 Apóyalas con tu ❤️ y sé parte de esta linda tradición digital. #SrtasColadaMorada en nuestra quinta edición de #FinadosMushucRuna  📅 Tienes hasta el 27 de octubre para participar. Recuerda: cada reacción cuenta y puede marcar la di",https://www.facebook.com/122142325251017479/posts/122108810073017479
finados-2025,19,729780340226059_122108667237017479,2025-10-11,conversion,added_photos,1003,881,67,55,expositores-negocios|cultura-identidad|acceso-servicio,"🍞👑 Coqueto, carismático y con sabor a tradición… así es Euler Caicedo. 🔥  Apóyalo con tu ❤️ y haz que se corone como el #ReyPan de nuestra quinta edición de #FinadosMushucRuna  📅 Tienes hasta el 27 de octubre para participar. Recuerda: cada reacción cuenta y puede marcar la diferencia. 🔥  𝑭𝒊𝒏𝒂𝒅𝒐𝒔 𝑴𝒖",https://www.facebook.com/122142325251017479/posts/122108667237017479
finados-2025,20,729780340226059_122110739511017479,2025-10-22,conversion,added_video,985,882,25,78,cultura-identidad|precio-entradas,Lo mejor de 𝑯𝒆𝒂𝒗𝒚 𝑴𝒆𝒕𝒂𝒍 ecuatoriano 🇪🇨𝑩𝒂𝒔𝒄𝒂🇪🇨en Finados Mushuc Runa 2025.  Adquiere ya tus entradas en: www.finados.complejomushucruna.ec 📍 𝐂𝐨𝐨𝐩𝐞𝐫𝐚𝐭𝐢𝐯𝐚 𝐌𝐮𝐬𝐡𝐮𝐜 𝐑𝐮𝐧𝐚 (𝐀𝐦𝐛𝐚𝐭𝐨) 📍 𝐇𝐨𝐭𝐞𝐥 𝐄𝐦𝐩𝐞𝐫𝐚𝐝𝐨𝐫  #Finados2025 #LaTradiciónCobraVida #FinadosMushucRuna,https://www.facebook.com/reel/1386944006322793/
carnaval-2026,1,105221087662733_1460217646105762,2026-01-04,consideracion,added_video,8269,7589,89,591,artistas-musica|precio-entradas|acceso-servicio,🔜💦 Se viene el Festival de Música Popular y tú 🫵🏻 tienes que disfrutarlo si o sí.   ✨ Deyvis Orosco & Grupo Néctar ✨ Antologia ✨ Rossy War  🎟️🔥 Consulta precios y localidades aquí: https://expoferiamushucruna.com/festival-musica-popular/,https://www.facebook.com/reel/2292784941232545/
carnaval-2026,2,105221087662733_1463511535776373,2026-01-08,consideracion,added_video,7381,6986,40,355,artistas-musica|precio-entradas,"❤️🔥 Si has amado y también has sufrido, el 𝐅𝐄𝐒𝐓𝐈𝐕𝐀𝐋 𝐃𝐄 𝐀𝐌𝐎𝐑 & 𝐃𝐄𝐒𝐏𝐄𝐂𝐇𝐎 es para ti 🫵🏻🎶  🪗🎤 Vívelo y canta cada canción como se debe junto a: Jessi Uribe Los Inquietos del Vallenato #MarceloCalderon #ÁngelesTuDiosaDorada   🎟️ Asegura tu entrada en: https://expoferiamushucruna.com/  📍𝐏𝐮𝐧𝐭𝐨 𝐝𝐞 𝐯𝐞𝐧𝐭𝐚 𝐟𝐢́",https://www.facebook.com/reel/33279483975032006/
carnaval-2026,3,105221087662733_1450779977049529,2025-12-23,consideracion,added_video,6977,6587,96,294,sin-tema-detectado,"¡Hey hey hey! Se suma a nuestra 6ta Expoferia, Jessi Uribe 🎶🥳🎤🇨🇴  💬 ¿Listos para cantar a todo pulmón? 👇 Déjanos tu comentario y dinos con quién vendrás.   Jessi Uribe #CarnavalesMushucRuna #6taexpoferiamushucruna #ambatoecuador #carnavales",https://www.facebook.com/reel/3001609576716537/
carnaval-2026,4,105221087662733_1485546030239590,2026-02-02,conversion,added_video,5200,4977,27,196,sin-tema-detectado,"🎤𝐄𝐬𝐭𝐞 𝟏𝟒 𝐝𝐞 𝐟𝐞𝐛𝐫𝐞𝐫𝐨, cantamos al amor, al despecho y a lo que duela 😮‍💨❤️‍🔥  Si Jessi Uribe te invita … solo falta que tú llegues 💔🎶  ¿Te lo vas a perder? los leemos👀",https://www.facebook.com/reel/875880018598389/
carnaval-2026,5,105221087662733_1498360498958143,2026-02-16,en-vivo,added_video,5046,4773,34,239,artistas-musica,🤩Clásicos que todos cantaron🤩. Ritmo que nadie pudo dejar de bailar  Así se vivió 𝐃𝐎𝐍 𝐌𝐄𝐃𝐀𝐑𝐃𝐎 𝐘 𝐒𝐔𝐒 𝐏𝐋𝐀𝐘𝐄𝐑𝐒 en los #CarnavalesMushucRuna  #LaFiestaContinúa #MushucRuna #ShowInternacional,https://www.facebook.com/reel/903962418894832/
carnaval-2026,6,105221087662733_1483108407150019,2026-01-30,conversion,added_video,4486,4265,19,202,artistas-musica|precio-entradas,💔❤️ Si #Américo te invita… no se le dice que no Nos vemos en su concierto en #CarnavalesMushucRuna 🎉💦  Adquiere tus entradas 🎟️🫵🏻,https://www.facebook.com/reel/2700831196949727/
carnaval-2026,7,105221087662733_1461961935931333,2026-01-06,consideracion,added_video,4451,4134,53,264,artistas-musica|precio-entradas,"🎶 𝐄𝐥 𝐅𝐞𝐬𝐭𝐢𝐯𝐚𝐥 𝐝𝐞 𝐥𝐚 𝐂𝐮𝐦𝐛𝐢𝐚 𝐈𝐧𝐭𝐞𝐫𝐧𝐚𝐜𝐢𝐨𝐧𝐚𝐥 se enciende con: Américo, Don Medardo y sus Players y La Sonora Dinamita. 🎊💃🕺🎶  🎟️ Ya disponibles las entradas aquí: https://expoferiamushucruna.com/festival-cumbia-internacional/  📍𝐏𝐮𝐧𝐭𝐨 𝐝𝐞 𝐯𝐞𝐧𝐭𝐚 𝐟𝐢́𝐬𝐢𝐜𝐨𝐬: #Ambato [Mushuc Runa COAC - Matriz y Hotel Emperador",https://www.facebook.com/reel/1418981286285545/
carnaval-2026,8,105221087662733_1446662594127934,2025-12-18,consideracion,added_video,4448,4187,58,203,artistas-musica|cultura-identidad|confianza-operacion,🔥🎶 Que ya se sienta el carnaval con el 𝐩𝐫𝐢𝐦𝐞𝐫 𝐚𝐫𝐭𝐢𝐬𝐭𝐚 𝐜𝐨𝐧𝐟𝐢𝐫𝐦𝐚𝐝𝐨… ¡𝐀𝐌𝐄́𝐑𝐈𝐂𝐎! 🎤🎵🇨🇱🎉 llega para encender los 𝐂𝐚𝐫𝐧𝐚𝐯𝐚𝐥𝐞𝐬 𝐌𝐮𝐬𝐡𝐮𝐜 𝐑𝐮𝐧𝐚 𝟐𝟎𝟐𝟔 💦🎭   Américo Oficial #CarnavalesMushucRuna #6taExpoferiaMushucRuna #Carnaval2026 #fiesta #tradicion,https://www.facebook.com/reel/1397989245022161/
carnaval-2026,9,105221087662733_1457085853085608,2025-12-31,consideracion,added_video,4046,3782,51,213,artistas-musica,"🥳💦 𝐄𝐥 𝟐𝟎𝟐𝟔 𝐬𝐞 𝐫𝐞𝐜𝐢𝐛𝐞 𝐩𝐞𝐧𝐬𝐚𝐧𝐝𝐨 𝐞𝐧 𝐂𝐚𝐫𝐧𝐚𝐯𝐚𝐥𝐞𝐬 𝐌𝐮𝐬𝐡𝐮𝐜 𝐑𝐮𝐧𝐚, porque Ángel Guaraca, encenderá el megaescenario 🎤🎶😜 🎭💦",https://www.facebook.com/reel/2164666897395273/
carnaval-2026,10,105221087662733_1452387643555429,2025-12-25,consideracion,added_video,3265,3037,41,187,artistas-musica,🪗🔥 El vallenato que marcó generaciones se vive con todo 🎶🎤 𝐋𝐨𝐬 𝐈𝐧𝐪𝐮𝐢𝐞𝐭𝐨𝐬 𝐝𝐞𝐥 𝐕𝐚𝐥𝐥𝐞𝐧𝐚𝐭𝐨 llegan a la 6ta Expoferia Mushuc Runa.   En febrero 2026… 𝒂 𝒈𝒐𝒛𝒂𝒓 𝒔𝒆 𝒉𝒂 𝒅𝒊𝒄𝒉𝒐 🎉  #6taexpoferiamushucruna #CarnavalesMushucRuna #carnaval2026 #vallenatosdelrecuerdo #ecuador Los Inquietos del Vallenato,https://www.facebook.com/reel/2586298238407189/
carnaval-2026,11,105221087662733_1449124793881714,2025-12-21,consideracion,added_video,3168,2961,44,163,artistas-musica|cultura-identidad,🎶👀 Si te sabes al menos UNA… este reel es para ti… ¡𝐒𝐄𝐆𝐔𝐍𝐃𝐎 𝐀𝐑𝐓𝐈𝐒𝐓𝐀 𝐂𝐎𝐍𝐅𝐈𝐑𝐌𝐀𝐃𝐎! 🎊🔥  𝐃𝐞𝐲𝐯𝐢𝐬 𝐎𝐫𝐨𝐬𝐜𝐨 𝐲 𝐬𝐮 𝐆𝐫𝐮𝐩𝐨 𝐍𝐞́𝐜𝐭𝐚𝐫 🇵🇪🎵 en la 6ta Expoferia Mushuc Runa.   Se prende el carnaval 💦💥  Deyvis Orosco #CarnavalesMushucRuna #6taExpoferiaMushucRuna #Carnaval2026 #fiesta #tradicion,https://www.facebook.com/reel/1513141890167967/
carnaval-2026,12,105221087662733_1488074133320113,2026-02-05,conversion,added_photos,2922,2829,72,21,artistas-musica|precio-entradas|acceso-servicio,"🔥🎟️ ¡𝐀𝐓𝐄𝐍𝐂𝐈𝐎́𝐍, 𝐅𝐀𝐍𝐒 𝐃𝐄 𝐂𝐀𝐑𝐍𝐀𝐕𝐀𝐋𝐄𝐒 𝐌𝐔𝐒𝐇𝐔𝐂 𝐑𝐔𝐍𝐀!  La cumbia internacional ya se siente y tú podrías disfrutar de esta fabulosa noche. 🎶Participa de la dinámica para ganar 1 de los 5 boletos dobles para #Amércio #SonoraDinamita #DonMedardoYSusPlayers 👀  Si quieres bailar y cantar, más te vale estar at",https://www.facebook.com/1675458624581662/posts/1488074133320113
carnaval-2026,13,105221087662733_1465345082259685,2026-01-10,consideracion,added_video,2063,1834,72,157,artistas-musica|precio-entradas|confianza-operacion,🎸🔥 La cartelera oficial del 𝐌𝐮𝐬𝐡𝐮𝐜 𝐑𝐨𝐜𝐤 𝐅𝐞𝐬𝐭 ya está aquí…  🎟️🤘 Confirma tu presencia y no te lo pierdas. Adquiere tus entradas en: www.expoferiamushucruna.com  📍𝐏𝐮𝐧𝐭𝐨 𝐝𝐞 𝐯𝐞𝐧𝐭𝐚 𝐟𝐢́𝐬𝐢𝐜𝐨𝐬: #Ambato [Mushuc Runa COAC - Matriz y Hotel Emperador] - #Riobamba [Mushuc Runa COAC]   #CarnavalesMushucRuna #Mus,https://www.facebook.com/reel/1513895529899066/
carnaval-2026,14,105221087662733_1456308706496656,2025-12-30,consideracion,added_video,1568,1458,35,75,expositores-negocios|precio-entradas|comunidad-prueba,"🚀 Emprendedores, este mensaje es para ustedes. Gracias por confiar y ser parte de la 6ta Expoferia Mushuc Runa. 📲✅ Nuestra nueva modalidad de compra de stands es un éxito. Realiza tu compra en: www.expoferiamushucruna.com   #CarnavalesMushucRuna #6taexpoferiamushucruna #carnaval2026",https://www.facebook.com/reel/1203035937914655/
carnaval-2026,15,105221087662733_1473600161434177,2026-01-20,conversion,added_photos,1531,1434,55,42,artistas-musica|precio-entradas|acceso-servicio,"💛🎫  𝐕𝐮𝐞𝐥𝐯𝐞𝐧 𝐥𝐨𝐬 𝐅𝐀𝐍𝐒 𝐃𝐄𝐒𝐓𝐀𝐂𝐀𝐃𝐎𝐒  Y esta vez… el 𝐓𝐢𝐜𝐤𝐞𝐭 𝐃𝐨𝐫𝐚𝐝𝐨 está de regreso. 🔥  Si amas los 𝐂𝐚𝐫𝐧𝐚𝐯𝐚𝐥𝐞𝐬 𝐌𝐮𝐬𝐡𝐮𝐜 𝐑𝐮𝐧𝐚, si los vives, los disfrutas y los compartes, 𝐞𝐬𝐭𝐚 𝐞𝐬 𝐭𝐮 𝐨𝐩𝐨𝐫𝐭𝐮𝐧𝐢𝐝𝐚𝐝 𝐝𝐞 𝐠𝐚𝐧𝐚𝐫 𝐮𝐧 𝐀𝐂𝐂𝐄𝐒𝐎 𝐓𝐎𝐓𝐀𝐋 🔥  📸 𝐒𝐮𝐛𝐞 𝐭𝐮 𝐦𝐞𝐣𝐨𝐫 𝐟𝐨𝐭𝐨 viviendo nuestros shows, atractivos o dentro del Complejo Mushuc ",https://www.facebook.com/1675458624581662/posts/1473600161434177
carnaval-2026,16,105221087662733_1455473196580207,2025-12-29,consideracion,added_video,1506,1285,43,178,artistas-musica,🤘 🎤  El rock está confirmado La 6ta Expoferia Mushuc Runa vibrará junto a #MALON 🔥  En febrero 2026…  𝒂 𝒈𝒐𝒛𝒂𝒓 𝒔𝒆 𝒉𝒂 𝒅𝒊𝒄𝒉𝒐 🎉  #6taexpoferiamushucruna #CarnavalesMushucRuna #carnaval2026 #vallenatosdelrecuerdo #ecuador,https://www.facebook.com/reel/893557560284929/
carnaval-2026,17,105221087662733_1491453686315491,2026-02-08,urgencia,added_video,1480,1420,15,45,artistas-musica|cobertura-en-vivo,💃🔥 Rossy War te invita a su concierto en vivo para que cantes y disfrutes sin parar 🎶🎤 ¡No faltes! 🎉✨,https://www.facebook.com/reel/1465779877729189/
carnaval-2026,18,105221087662733_1478964144231112,2026-01-26,conversion,added_photos,1480,1420,14,46,artistas-musica|cultura-identidad|precio-entradas|acceso-servicio|cobertura-en-vivo,"𝐋𝐔𝐍𝐄𝐒 𝟏𝟔 𝐅𝐄𝐁, ¡no faltes! La 𝐏𝐥𝐚𝐳𝐚 𝐝𝐞 𝐥𝐚 𝐋𝐮𝐧𝐚 se llena de sabor y carnaval 🎭 desde las 13h00, disfruta del show de: Albert Tony, Arnold Moreno,  La Lolita, la música de André Sierra y danzas culturales en vivo.  🎟️ Entrada: $3 📍 Complejo Mushuc Runa Panamericana Sur km 12 vía Ambato – Riobamba  Ven ",https://www.facebook.com/1675458624581662/posts/1478964144231112
carnaval-2026,19,105221087662733_1489449413182585,2026-02-06,urgencia,added_video,1460,1332,8,120,artistas-musica|cobertura-en-vivo,"🎤 𝐀𝐧𝐭𝐨𝐥𝐨𝐠𝐢́𝐚 ya está lista para cantar contigo Una noche de recuerdos, pasión y música que se siente en el alma 💫  📍 No faltes… te esperamos en vivo",https://www.facebook.com/reel/1576604496963671/
carnaval-2026,20,105221087662733_1500319455428914,2026-02-18,postevento,added_video,1230,1120,46,64,artistas-musica|experiencias-atractivos|expositores-negocios|comunidad-prueba,"🇪🇨🫰🏻 ¡GRACIAS ECUADOR!  Vivimos junto a ustedes 5 días llenos de música, emprendimiento y gastronomía. Seguimos demostrando que cuando trabajamos juntos, hacemos.  historia. #CarnavalesMushucRuna 2026  ¡Nos vemos en la próxima edición!",https://www.facebook.com/reel/25890923533869334/
